-- phpMyAdmin SQL Dump
-- version 4.0.10.18
-- https://www.phpmyadmin.net
--
-- Host: localhost:3306
-- Generation Time: Apr 26, 2017 at 07:19 AM
-- Server version: 5.6.35-cll-lve
-- PHP Version: 5.6.30

SET SQL_MODE = "NO_AUTO_VALUE_ON_ZERO";
SET time_zone = "+00:00";


/*!40101 SET @OLD_CHARACTER_SET_CLIENT=@@CHARACTER_SET_CLIENT */;
/*!40101 SET @OLD_CHARACTER_SET_RESULTS=@@CHARACTER_SET_RESULTS */;
/*!40101 SET @OLD_COLLATION_CONNECTION=@@COLLATION_CONNECTION */;
/*!40101 SET NAMES utf8 */;

--
-- Database: `nepali-mobi-ps`
--

--
-- Dumping data for table `ps_category`
--

INSERT IGNORE INTO `ps_category` (`id_category`, `id_parent`, `id_shop_default`, `level_depth`, `nleft`, `nright`, `active`, `date_add`, `date_upd`, `position`, `is_root_category`) VALUES
(1, 0, 1, 0, 1, 100, 1, '2017-01-16 13:31:13', '2017-01-16 13:31:13', 0, 0),
(2, 1, 1, 1, 2, 99, 1, '2017-01-16 13:31:13', '2017-01-16 13:31:13', 0, 1),
(12, 2, 1, 2, 3, 4, 1, '2017-01-16 13:49:05', '2017-03-23 14:07:20', 0, 0),
(13, 2, 1, 2, 5, 42, 1, '2017-03-22 16:22:07', '2017-03-23 14:07:20', 1, 0),
(14, 2, 1, 2, 43, 86, 1, '2017-03-22 16:22:41', '2017-03-23 14:07:20', 2, 0),
(15, 2, 1, 2, 87, 98, 1, '2017-03-22 16:23:05', '2017-03-23 14:07:20', 3, 0),
(16, 13, 1, 3, 6, 7, 1, '2017-03-22 16:24:18', '2017-03-22 16:24:18', 0, 0),
(17, 14, 1, 3, 44, 45, 1, '2017-03-22 16:29:30', '2017-03-22 16:29:30', 0, 0),
(18, 15, 1, 3, 88, 89, 1, '2017-03-22 16:37:46', '2017-03-22 16:37:46', 0, 0),
(19, 13, 1, 3, 8, 9, 1, '2017-03-22 18:03:04', '2017-03-22 18:03:04', 0, 0),
(20, 13, 1, 3, 10, 11, 1, '2017-03-22 18:43:38', '2017-03-22 18:43:38', 0, 0),
(21, 13, 1, 3, 12, 13, 1, '2017-03-22 18:44:07', '2017-03-22 18:44:07', 0, 0),
(22, 13, 1, 3, 14, 15, 1, '2017-03-22 18:44:27', '2017-03-22 18:44:27', 0, 0),
(23, 13, 1, 3, 16, 17, 1, '2017-03-22 18:44:51', '2017-03-22 18:44:51', 0, 0),
(24, 13, 1, 3, 18, 19, 1, '2017-03-22 18:45:20', '2017-03-22 18:45:20', 0, 0),
(25, 13, 1, 3, 20, 21, 1, '2017-03-22 18:45:47', '2017-03-22 18:45:47', 0, 0),
(26, 13, 1, 3, 22, 23, 1, '2017-03-22 18:46:08', '2017-03-22 18:46:08', 0, 0),
(27, 13, 1, 3, 24, 25, 1, '2017-03-22 18:46:35', '2017-03-22 18:46:35', 0, 0),
(28, 13, 1, 3, 26, 27, 1, '2017-03-22 18:47:01', '2017-03-22 18:47:01', 0, 0),
(29, 13, 1, 3, 28, 29, 1, '2017-03-22 18:47:56', '2017-03-22 18:47:56', 0, 0),
(30, 13, 1, 3, 30, 31, 1, '2017-03-22 18:48:29', '2017-03-22 18:48:29', 0, 0),
(31, 13, 1, 3, 32, 33, 1, '2017-03-22 18:49:01', '2017-03-22 18:49:01', 0, 0),
(32, 13, 1, 3, 34, 35, 1, '2017-03-22 18:49:26', '2017-03-22 18:49:26', 0, 0),
(33, 13, 1, 3, 36, 37, 1, '2017-03-22 18:49:55', '2017-03-22 18:49:55', 0, 0),
(34, 13, 1, 3, 38, 39, 1, '2017-03-22 18:50:39', '2017-03-22 18:50:39', 0, 0),
(35, 13, 1, 3, 40, 41, 1, '2017-03-22 18:51:16', '2017-03-22 18:51:16', 0, 0),
(36, 14, 1, 3, 46, 47, 1, '2017-03-28 14:16:58', '2017-03-28 14:16:58', 0, 0),
(37, 14, 1, 3, 48, 49, 1, '2017-03-28 14:17:19', '2017-03-28 14:17:19', 0, 0),
(38, 14, 1, 3, 50, 51, 1, '2017-03-28 14:17:41', '2017-03-28 14:17:41', 0, 0),
(39, 14, 1, 3, 52, 53, 1, '2017-03-28 14:18:06', '2017-03-28 14:18:06', 0, 0),
(40, 14, 1, 3, 54, 55, 1, '2017-03-28 14:18:30', '2017-03-28 14:18:30', 0, 0),
(41, 14, 1, 3, 56, 57, 1, '2017-03-28 14:19:58', '2017-03-28 14:19:58', 0, 0),
(42, 14, 1, 3, 58, 59, 1, '2017-03-28 14:20:22', '2017-03-28 14:20:22', 0, 0),
(43, 14, 1, 3, 60, 61, 1, '2017-03-28 14:23:11', '2017-03-28 18:52:45', 8, 0),
(44, 14, 1, 3, 62, 63, 1, '2017-03-28 14:25:09', '2017-03-28 14:25:09', 0, 0),
(45, 14, 1, 3, 64, 65, 1, '2017-03-28 14:25:40', '2017-03-28 14:25:40', 0, 0),
(46, 14, 1, 3, 66, 67, 1, '2017-03-28 14:25:58', '2017-03-28 14:25:58', 0, 0),
(47, 14, 1, 3, 68, 69, 1, '2017-03-28 14:26:28', '2017-03-28 14:26:28', 0, 0),
(48, 14, 1, 3, 70, 71, 1, '2017-03-28 14:27:35', '2017-03-28 14:27:35', 0, 0),
(49, 14, 1, 3, 72, 73, 1, '2017-03-28 14:28:04', '2017-03-28 14:28:04', 0, 0),
(50, 14, 1, 3, 74, 75, 1, '2017-03-28 14:28:34', '2017-03-28 14:28:34', 0, 0),
(51, 14, 1, 3, 76, 77, 1, '2017-03-28 14:29:16', '2017-03-28 14:29:16', 0, 0),
(52, 14, 1, 3, 78, 79, 1, '2017-03-28 14:29:40', '2017-03-28 14:29:40', 0, 0),
(53, 14, 1, 3, 80, 81, 1, '2017-03-28 14:30:10', '2017-03-28 14:30:10', 0, 0),
(54, 14, 1, 3, 82, 83, 1, '2017-03-28 14:31:28', '2017-03-28 14:31:28', 0, 0),
(55, 14, 1, 3, 84, 85, 1, '2017-03-28 14:31:41', '2017-03-28 14:31:41', 0, 0),
(56, 15, 1, 3, 90, 91, 1, '2017-03-30 13:19:32', '2017-03-30 13:19:32', 0, 0),
(57, 15, 1, 3, 92, 93, 1, '2017-03-30 13:19:45', '2017-03-30 13:19:45', 0, 0),
(58, 15, 1, 3, 94, 95, 1, '2017-03-30 13:19:57', '2017-03-30 13:19:57', 0, 0),
(59, 15, 1, 3, 96, 97, 1, '2017-03-30 13:20:10', '2017-03-30 13:20:10', 0, 0);

--
-- Dumping data for table `ps_category_group`
--

INSERT IGNORE INTO `ps_category_group` (`id_category`, `id_group`) VALUES
(2, 0),
(2, 1),
(2, 2),
(2, 3),
(12, 1),
(12, 2),
(12, 3),
(13, 1),
(13, 2),
(13, 3),
(14, 1),
(14, 2),
(14, 3),
(15, 1),
(15, 2),
(15, 3),
(16, 1),
(16, 2),
(16, 3),
(17, 1),
(17, 2),
(17, 3),
(18, 1),
(18, 2),
(18, 3),
(19, 1),
(19, 2),
(19, 3),
(20, 1),
(20, 2),
(20, 3),
(21, 1),
(21, 2),
(21, 3),
(22, 1),
(22, 2),
(22, 3),
(23, 1),
(23, 2),
(23, 3),
(24, 1),
(24, 2),
(24, 3),
(25, 1),
(25, 2),
(25, 3),
(26, 1),
(26, 2),
(26, 3),
(27, 1),
(27, 2),
(27, 3),
(28, 1),
(28, 2),
(28, 3),
(29, 1),
(29, 2),
(29, 3),
(30, 1),
(30, 2),
(30, 3),
(31, 1),
(31, 2),
(31, 3),
(32, 1),
(32, 2),
(32, 3),
(33, 1),
(33, 2),
(33, 3),
(34, 1),
(34, 2),
(34, 3),
(35, 1),
(35, 2),
(35, 3),
(36, 1),
(36, 2),
(36, 3),
(37, 1),
(37, 2),
(37, 3),
(38, 1),
(38, 2),
(38, 3),
(39, 1),
(39, 2),
(39, 3),
(40, 1),
(40, 2),
(40, 3),
(41, 1),
(41, 2),
(41, 3),
(42, 1),
(42, 2),
(42, 3),
(43, 1),
(43, 2),
(43, 3),
(44, 1),
(44, 2),
(44, 3),
(45, 1),
(45, 2),
(45, 3),
(46, 1),
(46, 2),
(46, 3),
(47, 1),
(47, 2),
(47, 3),
(48, 1),
(48, 2),
(48, 3),
(49, 1),
(49, 2),
(49, 3),
(50, 1),
(50, 2),
(50, 3),
(51, 1),
(51, 2),
(51, 3),
(52, 1),
(52, 2),
(52, 3),
(53, 1),
(53, 2),
(53, 3),
(54, 1),
(54, 2),
(54, 3),
(55, 1),
(55, 2),
(55, 3),
(56, 1),
(56, 2),
(56, 3),
(57, 1),
(57, 2),
(57, 3),
(58, 1),
(58, 2),
(58, 3),
(59, 1),
(59, 2),
(59, 3);

--
-- Dumping data for table `ps_category_lang`
--

INSERT IGNORE INTO `ps_category_lang` (`id_category`, `id_shop`, `id_lang`, `name`, `description`, `link_rewrite`, `meta_title`, `meta_keywords`, `meta_description`) VALUES
(1, 1, 1, 'Root', '', 'root', '', '', ''),
(2, 1, 1, 'Home', '', 'home', '', '', ''),
(12, 1, 1, 'Demo Product', '', 'demo-product', '', '', ''),
(13, 1, 1, 'Speise Karte', '', 'speise-karte', '', '', ''),
(14, 1, 1, 'Getränkekarte', '', 'getraenkekarte', '', '', ''),
(15, 1, 1, 'Tagesangebote', '', 'tagesangebote', '', '', ''),
(16, 1, 1, 'Beilagen', '', 'beilagen', '', '', ''),
(17, 1, 1, 'Alkoholfreie Getränke', '', 'alkoholfreie-getraenke', '', '', ''),
(18, 1, 1, ' Dienstag', '', 'dienstag', '', '', ''),
(19, 1, 1, 'Dessert', '', 'dessert', '', '', ''),
(20, 1, 1, 'Entengerichte', '', 'entengerichte', '', '', ''),
(21, 1, 1, 'Fischgerichte', '', 'fischgerichte', '', '', ''),
(22, 1, 1, 'Gerichte Für unsere kleinen Gäste', '', 'gerichte-fuer-unsere-kleinen-gaeste', '', '', ''),
(23, 1, 1, 'Grillplatte', '', 'grillplatte', '', '', ''),
(24, 1, 1, 'Hühnergerichte', '', 'huehnergerichte', '', '', ''),
(25, 1, 1, 'Karahi Meat', '', 'karahi-meat', '', '', ''),
(26, 1, 1, 'Lammgerichte', '', 'lammgerichte', '', '', ''),
(27, 1, 1, 'Original Pakistanische Vorspeisen', '', 'original-pakistanische-vorspeisen', '', '', ''),
(28, 1, 1, 'Reisgerichte', '', 'reisgerichte', '', '', ''),
(29, 1, 1, 'Salate', '', 'salate', '', '', ''),
(30, 1, 1, 'Spezielle Grillgerichte', '', 'spezielle-grillgerichte', '', '', ''),
(31, 1, 1, 'Suppen', '', 'suppen', '', '', ''),
(32, 1, 1, ' Tandoori Platte', '', 'tandoori-platte', '', '', ''),
(33, 1, 1, 'Vegetarische Gerichte', '', 'vegetarische-gerichte', '', '', ''),
(34, 1, 1, 'Vegetarische Platte', '', 'vegetarische-platte', '', '', ''),
(35, 1, 1, 'Vorspeisen', '', 'vorspeisen', '', '', ''),
(36, 1, 1, 'Aperitifs', '', 'aperitifs', '', '', ''),
(37, 1, 1, 'Berliner Kindl', '', 'berliner-kindl', '', '', ''),
(38, 1, 1, 'Bier vom Fass', '', 'bier-vom-fass', '', '', ''),
(39, 1, 1, 'Flaschenbiere', '', 'flaschenbiere', '', '', ''),
(40, 1, 1, 'Flaschenweine', '', 'flaschenweine', '', '', ''),
(41, 1, 1, 'Roséwein', '', 'rosewein', '', '', ''),
(42, 1, 1, 'Rotweine', '', 'rotweine', '', '', ''),
(43, 1, 1, 'Weißweine', '', 'weissweine', '', '', ''),
(44, 1, 1, 'Liköre', '', 'likoere', '', '', ''),
(45, 1, 1, 'Longdrinks', '', 'longdrinks', '', '', ''),
(46, 1, 1, 'Magenbitter', '', 'magenbitter', '', '', ''),
(47, 1, 1, 'MilchShakes (Indisch)', '', 'milchshakes-indisch', '', '', ''),
(48, 1, 1, 'Rum', '', 'rum', '', '', ''),
(49, 1, 1, 'Säfte', '', 'saefte', '', '', ''),
(50, 1, 1, 'Schoppenweine', '', 'schoppenweine', '', '', ''),
(51, 1, 1, 'Sekt', '', 'sekt', '', '', ''),
(52, 1, 1, 'Spirituosen', '', 'spirituosen', '', '', ''),
(53, 1, 1, 'Warme Getränke', '', 'warme-getraenke', '', '', ''),
(54, 1, 1, 'Weinhaltige Mischgetränke', '', 'weinhaltige-mischgetraenke', '', '', ''),
(55, 1, 1, 'Whisky', '', 'whisky', '', '', ''),
(56, 1, 1, 'DonnerStag', '', 'donnerstag', '', '', ''),
(57, 1, 1, 'Freitag', '', 'freitag', '', '', ''),
(58, 1, 1, 'Mittwoch', '', 'mittwoch', '', '', ''),
(59, 1, 1, 'Montag', '', 'montag', '', '', '');

--
-- Dumping data for table `ps_category_product`
--

INSERT IGNORE INTO `ps_category_product` (`id_category`, `id_product`, `position`) VALUES
(2, 1, 0),
(2, 2, 1),
(2, 3, 2),
(2, 4, 3),
(2, 5, 4),
(2, 6, 5),
(2, 7, 6),
(2, 11, 7),
(2, 10, 8),
(12, 8, 0),
(16, 12, 0),
(16, 15, 1),
(16, 16, 2),
(16, 19, 3),
(16, 20, 4),
(16, 21, 5),
(16, 22, 6),
(16, 23, 7),
(16, 24, 8),
(16, 25, 9),
(16, 26, 10),
(17, 13, 0),
(17, 158, 1),
(17, 161, 2),
(17, 160, 3),
(17, 162, 4),
(17, 165, 5),
(17, 164, 6),
(17, 163, 7),
(17, 167, 8),
(17, 166, 9),
(17, 169, 10),
(17, 168, 11),
(17, 171, 12),
(17, 170, 13),
(17, 173, 14),
(17, 172, 15),
(17, 175, 16),
(17, 174, 17),
(17, 176, 18),
(17, 178, 19),
(17, 177, 20),
(18, 14, 0),
(18, 369, 1),
(18, 371, 2),
(18, 372, 3),
(18, 373, 4),
(18, 374, 5),
(19, 27, 0),
(19, 29, 1),
(19, 30, 2),
(20, 33, 0),
(20, 34, 1),
(20, 35, 2),
(20, 36, 3),
(20, 37, 4),
(20, 38, 5),
(20, 39, 6),
(20, 40, 7),
(20, 41, 8),
(20, 42, 9),
(21, 43, 0),
(21, 44, 1),
(21, 45, 2),
(21, 46, 3),
(21, 47, 4),
(21, 48, 5),
(21, 49, 6),
(21, 50, 7),
(22, 51, 0),
(22, 53, 1),
(22, 52, 2),
(22, 54, 3),
(23, 119, 0),
(23, 118, 1),
(23, 117, 2),
(24, 55, 0),
(24, 59, 1),
(24, 58, 2),
(24, 61, 3),
(24, 60, 4),
(24, 63, 5),
(24, 62, 6),
(24, 65, 7),
(24, 64, 8),
(24, 67, 9),
(24, 66, 10),
(24, 69, 11),
(24, 68, 12),
(24, 71, 13),
(24, 70, 14),
(24, 73, 15),
(24, 72, 16),
(25, 125, 0),
(25, 124, 1),
(25, 123, 2),
(26, 79, 0),
(26, 78, 1),
(26, 81, 2),
(26, 80, 3),
(26, 83, 4),
(26, 82, 5),
(26, 85, 6),
(26, 84, 7),
(26, 87, 8),
(26, 86, 9),
(26, 88, 10),
(27, 91, 0),
(27, 90, 1),
(27, 89, 2),
(28, 94, 0),
(28, 93, 1),
(28, 92, 2),
(28, 96, 3),
(28, 95, 4),
(29, 98, 0),
(29, 97, 1),
(29, 100, 2),
(29, 99, 3),
(29, 101, 4),
(30, 103, 0),
(30, 102, 1),
(30, 105, 2),
(30, 104, 3),
(30, 107, 4),
(30, 106, 5),
(30, 110, 6),
(30, 109, 7),
(30, 108, 8),
(31, 113, 0),
(31, 112, 1),
(31, 111, 2),
(31, 116, 3),
(31, 115, 4),
(31, 114, 5),
(32, 128, 0),
(32, 127, 1),
(32, 126, 2),
(33, 131, 0),
(33, 130, 1),
(33, 129, 2),
(33, 132, 3),
(33, 133, 4),
(33, 134, 5),
(33, 135, 6),
(33, 136, 7),
(33, 137, 8),
(33, 138, 9),
(33, 139, 10),
(33, 140, 11),
(33, 141, 12),
(33, 142, 13),
(33, 143, 14),
(34, 144, 0),
(34, 146, 1),
(34, 145, 2),
(35, 147, 0),
(35, 149, 1),
(35, 148, 2),
(35, 150, 3),
(35, 152, 4),
(35, 151, 5),
(35, 154, 6),
(35, 153, 7),
(35, 156, 8),
(35, 155, 9),
(35, 157, 10),
(36, 180, 0),
(36, 179, 1),
(36, 182, 2),
(36, 181, 3),
(36, 184, 4),
(36, 183, 5),
(37, 188, 0),
(37, 187, 1),
(38, 190, 0),
(38, 191, 1),
(38, 189, 2),
(38, 193, 3),
(38, 192, 4),
(38, 194, 5),
(39, 196, 0),
(39, 195, 1),
(39, 201, 2),
(39, 200, 3),
(39, 199, 4),
(40, 198, 0),
(40, 204, 1),
(40, 203, 2),
(40, 202, 3),
(40, 207, 4),
(40, 206, 5),
(40, 205, 6),
(40, 210, 7),
(40, 209, 8),
(40, 208, 9),
(41, 212, 0),
(41, 211, 1),
(42, 214, 0),
(42, 213, 1),
(42, 220, 2),
(42, 219, 3),
(42, 218, 4),
(42, 223, 5),
(42, 222, 6),
(42, 225, 7),
(42, 224, 8),
(42, 227, 9),
(42, 226, 10),
(42, 229, 11),
(42, 228, 12),
(42, 231, 13),
(42, 230, 14),
(43, 233, 0),
(43, 232, 1),
(43, 236, 2),
(43, 239, 3),
(43, 238, 4),
(43, 240, 5),
(43, 241, 6),
(43, 243, 7),
(43, 242, 8),
(44, 244, 0),
(44, 245, 1),
(44, 247, 2),
(44, 246, 3),
(44, 249, 4),
(44, 248, 5),
(44, 251, 6),
(44, 250, 7),
(44, 252, 8),
(44, 254, 9),
(44, 256, 10),
(44, 255, 11),
(45, 258, 0),
(45, 257, 1),
(45, 260, 2),
(45, 259, 3),
(45, 262, 4),
(45, 261, 5),
(45, 264, 6),
(45, 263, 7),
(45, 266, 8),
(45, 265, 9),
(45, 268, 10),
(45, 267, 11),
(45, 270, 12),
(45, 271, 13),
(46, 273, 0),
(46, 272, 1),
(46, 275, 2),
(46, 274, 3),
(46, 277, 4),
(46, 276, 5),
(46, 279, 6),
(46, 278, 7),
(47, 280, 0),
(47, 281, 1),
(47, 282, 2),
(47, 283, 3),
(47, 284, 4),
(47, 285, 5),
(47, 287, 6),
(47, 286, 7),
(47, 289, 8),
(47, 288, 9),
(48, 291, 0),
(48, 290, 1),
(48, 293, 2),
(48, 292, 3),
(48, 295, 4),
(48, 294, 5),
(49, 297, 0),
(49, 296, 1),
(49, 299, 2),
(49, 298, 3),
(49, 302, 4),
(49, 303, 5),
(49, 305, 6),
(49, 304, 7),
(49, 307, 8),
(49, 306, 9),
(49, 309, 10),
(49, 308, 11),
(49, 311, 12),
(49, 310, 13),
(49, 300, 14),
(49, 301, 15),
(50, 313, 0),
(50, 312, 1),
(50, 315, 2),
(50, 314, 3),
(50, 316, 4),
(50, 317, 5),
(50, 319, 6),
(50, 318, 7),
(50, 321, 8),
(50, 320, 9),
(50, 323, 10),
(50, 322, 11),
(50, 325, 12),
(50, 324, 13),
(50, 327, 14),
(50, 326, 15),
(50, 329, 16),
(50, 328, 17),
(51, 331, 0),
(51, 330, 1),
(51, 332, 2),
(52, 334, 0),
(52, 333, 1),
(52, 336, 2),
(52, 335, 3),
(52, 338, 4),
(52, 337, 5),
(52, 340, 6),
(52, 339, 7),
(52, 344, 8),
(52, 343, 9),
(52, 345, 10),
(52, 346, 11),
(53, 348, 0),
(53, 347, 1),
(53, 350, 2),
(53, 349, 3),
(53, 352, 4),
(53, 351, 5),
(53, 354, 6),
(53, 353, 7),
(53, 356, 8),
(53, 355, 9),
(53, 358, 10),
(54, 357, 0),
(54, 359, 1),
(55, 362, 0),
(55, 360, 1),
(55, 363, 2),
(55, 364, 3),
(55, 365, 4),
(55, 366, 5),
(55, 367, 6),
(55, 368, 7),
(56, 375, 0),
(56, 376, 1),
(56, 377, 2),
(56, 378, 3),
(56, 379, 4),
(56, 380, 5),
(57, 381, 0),
(57, 382, 1),
(57, 384, 2),
(57, 385, 3),
(57, 386, 4),
(57, 387, 5),
(58, 388, 0),
(58, 389, 1),
(58, 390, 2),
(58, 391, 3),
(58, 392, 4),
(58, 393, 5),
(59, 394, 0),
(59, 395, 1),
(59, 396, 2),
(59, 397, 3),
(59, 398, 4),
(59, 399, 5);

--
-- Dumping data for table `ps_product`
--

INSERT IGNORE INTO `ps_product` (`id_product`, `id_supplier`, `id_manufacturer`, `id_category_default`, `id_shop_default`, `id_tax_rules_group`, `on_sale`, `online_only`, `ean13`, `isbn`, `upc`, `ecotax`, `quantity`, `minimal_quantity`, `price`, `wholesale_price`, `unity`, `unit_price_ratio`, `additional_shipping_cost`, `reference`, `supplier_reference`, `location`, `width`, `height`, `depth`, `weight`, `out_of_stock`, `quantity_discount`, `customizable`, `uploadable_files`, `text_fields`, `active`, `redirect_type`, `id_product_redirected`, `available_for_order`, `available_date`, `show_condition`, `condition`, `show_price`, `indexed`, `visibility`, `cache_is_pack`, `cache_has_attachments`, `is_virtual`, `cache_default_attribute`, `date_add`, `date_upd`, `advanced_stock_management`, `pack_stock_type`, `state`) VALUES
(12, 0, 0, 16, 1, 2, 0, 0, '', '', '', '0.000000', 0, 1, '1.260504', '0.000000', '', '0.000000', '0.00', '170', '', '', '0.000000', '0.000000', '0.000000', '0.000000', 2, 0, 0, 0, 0, 1, '404', 0, 1, '0000-00-00', 0, 'new', 1, 1, 'both', 0, 0, 0, 0, '2017-03-22 16:26:25', '2017-03-22 17:22:14', 0, 3, 1),
(13, 0, 0, 17, 1, 2, 0, 0, '', '', '', '0.000000', 0, 1, '2.352941', '0.000000', '', '0.000000', '0.00', '215,', '', '', '0.000000', '0.000000', '0.000000', '0.000000', 2, 0, 0, 0, 0, 1, '404', 0, 1, '0000-00-00', 0, 'new', 1, 1, 'both', 0, 0, 0, 0, '2017-03-22 16:31:46', '2017-03-28 14:12:54', 0, 3, 1),
(14, 0, 0, 18, 1, 2, 0, 0, '', '', '', '0.000000', 0, 1, '3.781513', '0.000000', '', '0.000000', '0.00', '510', '', '', '0.000000', '0.000000', '0.000000', '0.000000', 2, 0, 0, 0, 0, 1, '404', 0, 1, '0000-00-00', 0, 'new', 1, 1, 'both', 0, 0, 0, 0, '2017-03-22 16:38:20', '2017-03-22 17:01:05', 0, 3, 1),
(15, 0, 0, 16, 1, 2, 0, 0, '', '', '', '0.000000', 0, 1, '1.596639', '0.000000', '', '0.000000', '0.00', '171,', '', '', '0.000000', '0.000000', '0.000000', '0.000000', 2, 0, 0, 0, 0, 1, '404', 0, 1, '0000-00-00', 0, 'new', 1, 1, 'both', 0, 0, 0, 0, '2017-03-22 17:19:31', '2017-03-22 17:25:47', 0, 3, 1),
(16, 0, 0, 16, 1, 2, 0, 0, '', '', '', '0.000000', 0, 1, '1.596639', '0.000000', '', '0.000000', '0.00', '172,', '', '', '0.000000', '0.000000', '0.000000', '0.000000', 2, 0, 0, 0, 0, 1, '404', 0, 1, '0000-00-00', 0, 'new', 1, 1, 'both', 0, 0, 0, 0, '2017-03-22 17:26:18', '2017-03-22 17:29:23', 0, 3, 1),
(19, 0, 0, 16, 1, 2, 0, 0, '', '', '', '0.000000', 0, 1, '2.100840', '0.000000', '', '0.000000', '0.00', '173,', '', '', '0.000000', '0.000000', '0.000000', '0.000000', 2, 0, 0, 0, 0, 1, '404', 0, 1, '0000-00-00', 0, 'new', 1, 1, 'both', 0, 0, 0, 0, '2017-03-22 17:31:56', '2017-03-30 17:05:35', 0, 3, 1),
(20, 0, 0, 16, 1, 2, 0, 0, '', '', '', '0.000000', 0, 1, '2.016807', '0.000000', '', '0.000000', '0.00', '174,', '', '', '0.000000', '0.000000', '0.000000', '0.000000', 2, 0, 0, 0, 0, 1, '404', 0, 1, '0000-00-00', 0, 'new', 1, 1, 'both', 0, 0, 0, 0, '2017-03-22 17:35:15', '2017-03-22 17:38:16', 0, 3, 1),
(21, 0, 0, 16, 1, 2, 0, 0, '', '', '', '0.000000', 0, 1, '0.420168', '0.000000', '', '0.000000', '0.00', '175,', '', '', '0.000000', '0.000000', '0.000000', '0.000000', 2, 0, 0, 0, 0, 1, '404', 0, 1, '0000-00-00', 0, 'new', 1, 1, 'both', 0, 0, 0, 0, '2017-03-22 17:38:35', '2017-03-22 17:41:19', 0, 3, 1),
(22, 0, 0, 16, 1, 2, 0, 0, '', '', '', '0.000000', 0, 1, '1.596639', '0.000000', '', '0.000000', '0.00', '176,', '', '', '0.000000', '0.000000', '0.000000', '0.000000', 2, 0, 0, 0, 0, 1, '404', 0, 1, '0000-00-00', 0, 'new', 1, 1, 'both', 0, 0, 0, 0, '2017-03-22 17:41:31', '2017-03-22 17:45:33', 0, 3, 1),
(23, 0, 0, 16, 1, 2, 0, 0, '', '', '', '0.000000', 0, 1, '1.260504', '0.000000', '', '0.000000', '0.00', '177,', '', '', '0.000000', '0.000000', '0.000000', '0.000000', 2, 0, 0, 0, 0, 1, '404', 0, 1, '0000-00-00', 0, 'new', 1, 1, 'both', 0, 0, 0, 0, '2017-03-22 17:50:07', '2017-03-22 17:52:18', 0, 3, 1),
(24, 0, 0, 16, 1, 2, 0, 0, '', '', '', '0.000000', 0, 1, '1.512605', '0.000000', '', '0.000000', '0.00', '178,', '', '', '0.000000', '0.000000', '0.000000', '0.000000', 2, 0, 0, 0, 0, 1, '404', 0, 1, '0000-00-00', 0, 'new', 1, 1, 'both', 0, 0, 0, 0, '2017-03-22 17:52:58', '2017-03-22 17:54:30', 0, 3, 1),
(25, 0, 0, 16, 1, 2, 0, 0, '', '', '', '0.000000', 0, 1, '1.260504', '0.000000', '', '0.000000', '0.00', '179,', '', '', '0.000000', '0.000000', '0.000000', '0.000000', 2, 0, 0, 0, 0, 1, '404', 0, 1, '0000-00-00', 0, 'new', 1, 1, 'both', 0, 0, 0, 0, '2017-03-22 17:54:46', '2017-03-22 17:56:50', 0, 3, 1),
(26, 0, 0, 16, 1, 2, 0, 0, '', '', '', '0.000000', 0, 1, '1.260504', '0.000000', '', '0.000000', '0.00', '180,', '', '', '0.000000', '0.000000', '0.000000', '0.000000', 2, 0, 0, 0, 0, 1, '404', 0, 1, '0000-00-00', 0, 'new', 1, 1, 'both', 0, 0, 0, 0, '2017-03-22 17:56:17', '2017-03-22 17:59:34', 0, 3, 1),
(27, 0, 0, 19, 1, 2, 0, 0, '', '', '', '0.000000', 0, 1, '2.436975', '0.000000', '', '0.000000', '0.00', '180,', '', '', '0.000000', '0.000000', '0.000000', '0.000000', 2, 0, 0, 0, 0, 1, '404', 0, 1, '0000-00-00', 0, 'new', 1, 1, 'both', 0, 0, 0, 0, '2017-03-22 18:01:57', '2017-03-30 14:43:56', 0, 3, 1),
(29, 0, 0, 19, 1, 2, 0, 0, '', '', '', '0.000000', 0, 1, '4.033613', '0.000000', '', '0.000000', '0.00', '181,', '', '', '0.000000', '0.000000', '0.000000', '0.000000', 2, 0, 0, 0, 0, 1, '404', 0, 1, '0000-00-00', 0, 'new', 1, 1, 'both', 0, 0, 0, 0, '2017-03-22 18:26:02', '2017-03-22 18:28:07', 0, 3, 1),
(30, 0, 0, 19, 1, 2, 0, 0, '', '', '', '0.000000', 0, 1, '2.100840', '0.000000', '', '0.000000', '0.00', '182,', '', '', '0.000000', '0.000000', '0.000000', '0.000000', 2, 0, 0, 0, 0, 1, '404', 0, 1, '0000-00-00', 0, 'new', 1, 1, 'both', 0, 0, 0, 0, '2017-03-22 18:28:29', '2017-03-22 18:31:35', 0, 3, 1),
(33, 0, 0, 20, 1, 2, 0, 0, '', '', '', '0.000000', 0, 1, '9.075630', '0.000000', '', '0.000000', '0.00', '95', '', '', '0.000000', '0.000000', '0.000000', '0.000000', 2, 0, 0, 0, 0, 1, '404', 0, 1, '0000-00-00', 0, 'new', 1, 1, 'both', 0, 0, 0, 0, '2017-03-23 11:17:19', '2017-03-23 11:18:55', 0, 3, 1),
(34, 0, 0, 20, 1, 2, 0, 0, '', '', '', '0.000000', 0, 1, '9.915966', '0.000000', '', '0.000000', '0.00', '96,', '', '', '0.000000', '0.000000', '0.000000', '0.000000', 2, 0, 0, 0, 0, 1, '404', 0, 1, '0000-00-00', 0, 'new', 1, 1, 'both', 0, 0, 0, 0, '2017-03-23 11:19:36', '2017-03-23 11:24:10', 0, 3, 1),
(35, 0, 0, 20, 1, 2, 0, 0, '', '', '', '0.000000', 0, 1, '9.915966', '0.000000', '', '0.000000', '0.00', '97,', '', '', '0.000000', '0.000000', '0.000000', '0.000000', 2, 0, 0, 0, 0, 1, '404', 0, 1, '0000-00-00', 0, 'new', 1, 1, 'both', 0, 0, 0, 0, '2017-03-23 11:21:20', '2017-03-23 11:30:03', 0, 3, 1),
(36, 0, 0, 20, 1, 2, 0, 0, '', '', '', '0.000000', 0, 1, '8.991597', '0.000000', '', '0.000000', '0.00', '98,', '', '', '0.000000', '0.000000', '0.000000', '0.000000', 2, 0, 0, 0, 0, 1, '404', 0, 1, '0000-00-00', 0, 'new', 1, 1, 'both', 0, 0, 0, 0, '2017-03-23 11:30:21', '2017-03-23 11:32:27', 0, 3, 1),
(37, 0, 0, 20, 1, 2, 0, 0, '', '', '', '0.000000', 0, 1, '8.991597', '0.000000', '', '0.000000', '0.00', '99,', '', '', '0.000000', '0.000000', '0.000000', '0.000000', 2, 0, 0, 0, 0, 1, '404', 0, 1, '0000-00-00', 0, 'new', 1, 1, 'both', 0, 0, 0, 0, '2017-03-23 11:32:42', '2017-03-23 11:34:00', 0, 3, 1),
(38, 0, 0, 20, 1, 2, 0, 0, '', '', '', '0.000000', 0, 1, '9.915966', '0.000000', '', '0.000000', '0.00', '100,', '', '', '0.000000', '0.000000', '0.000000', '0.000000', 2, 0, 0, 0, 0, 1, '404', 0, 1, '0000-00-00', 0, 'new', 1, 1, 'both', 0, 0, 0, 0, '2017-03-23 11:34:06', '2017-03-23 11:36:33', 0, 3, 1),
(39, 0, 0, 20, 1, 2, 0, 0, '', '', '', '0.000000', 0, 1, '9.915966', '0.000000', '', '0.000000', '0.00', '101,', '', '', '0.000000', '0.000000', '0.000000', '0.000000', 2, 0, 0, 0, 0, 1, '404', 0, 1, '0000-00-00', 0, 'new', 1, 1, 'both', 0, 0, 0, 0, '2017-03-23 11:35:48', '2017-03-23 11:38:45', 0, 3, 1),
(40, 0, 0, 20, 1, 2, 0, 0, '', '', '', '0.000000', 0, 1, '9.915966', '0.000000', '', '0.000000', '0.00', '102,', '', '', '0.000000', '0.000000', '0.000000', '0.000000', 2, 0, 0, 0, 0, 1, '404', 0, 1, '0000-00-00', 0, 'new', 1, 1, 'both', 0, 0, 0, 0, '2017-03-23 11:38:49', '2017-03-23 11:41:06', 0, 3, 1),
(41, 0, 0, 20, 1, 2, 0, 0, '', '', '', '0.000000', 0, 1, '9.915966', '0.000000', '', '0.000000', '0.00', '103,', '', '', '0.000000', '0.000000', '0.000000', '0.000000', 2, 0, 0, 0, 0, 1, '404', 0, 1, '0000-00-00', 0, 'new', 1, 1, 'both', 0, 0, 0, 0, '2017-03-23 11:40:01', '2017-03-23 11:42:31', 0, 3, 1),
(42, 0, 0, 20, 1, 2, 0, 0, '', '', '', '0.000000', 0, 1, '10.756303', '0.000000', '', '0.000000', '0.00', '104,', '', '', '0.000000', '0.000000', '0.000000', '0.000000', 2, 0, 0, 0, 0, 1, '404', 0, 1, '0000-00-00', 0, 'new', 1, 1, 'both', 0, 0, 0, 0, '2017-03-23 11:42:14', '2017-03-23 11:44:11', 0, 3, 1),
(43, 0, 0, 21, 1, 2, 0, 0, '', '', '', '0.000000', 0, 1, '6.638655', '0.000000', '', '0.000000', '0.00', '120,', '', '', '0.000000', '0.000000', '0.000000', '0.000000', 2, 0, 0, 0, 0, 1, '404', 0, 1, '0000-00-00', 0, 'new', 1, 1, 'both', 0, 0, 0, 0, '2017-03-23 11:43:38', '2017-03-23 11:46:34', 0, 3, 1),
(44, 0, 0, 21, 1, 2, 0, 0, '', '', '', '0.000000', 0, 1, '7.142857', '0.000000', '', '0.000000', '0.00', '121,', '', '', '0.000000', '0.000000', '0.000000', '0.000000', 2, 0, 0, 0, 0, 1, '404', 0, 1, '0000-00-00', 0, 'new', 1, 1, 'both', 0, 0, 0, 0, '2017-03-23 11:46:25', '2017-03-23 11:47:55', 0, 3, 1),
(45, 0, 0, 21, 1, 2, 0, 0, '', '', '', '0.000000', 0, 1, '7.478992', '0.000000', '', '0.000000', '0.00', '122,', '', '', '0.000000', '0.000000', '0.000000', '0.000000', 2, 0, 0, 0, 0, 1, '404', 0, 1, '0000-00-00', 0, 'new', 1, 1, 'both', 0, 0, 0, 0, '2017-03-23 11:47:50', '2017-03-23 11:49:41', 0, 3, 1),
(46, 0, 0, 21, 1, 2, 0, 0, '', '', '', '0.000000', 0, 1, '7.478992', '0.000000', '', '0.000000', '0.00', '123,', '', '', '0.000000', '0.000000', '0.000000', '0.000000', 2, 0, 0, 0, 0, 1, '404', 0, 1, '0000-00-00', 0, 'new', 1, 1, 'both', 0, 0, 0, 0, '2017-03-23 11:48:25', '2017-03-23 11:51:19', 0, 3, 1),
(47, 0, 0, 21, 1, 2, 0, 0, '', '', '', '0.000000', 0, 1, '7.478992', '0.000000', '', '0.000000', '0.00', '124,', '', '', '0.000000', '0.000000', '0.000000', '0.000000', 2, 0, 0, 0, 0, 1, '404', 0, 1, '0000-00-00', 0, 'new', 1, 1, 'both', 0, 0, 0, 0, '2017-03-23 11:50:22', '2017-03-23 11:52:13', 0, 3, 1),
(48, 0, 0, 21, 1, 2, 0, 0, '', '', '', '0.000000', 0, 1, '8.319328', '0.000000', '', '0.000000', '0.00', '125,', '', '', '0.000000', '0.000000', '0.000000', '0.000000', 2, 0, 0, 0, 0, 1, '404', 0, 1, '0000-00-00', 0, 'new', 1, 1, 'both', 0, 0, 0, 0, '2017-03-23 11:52:15', '2017-03-23 11:53:41', 0, 3, 1),
(49, 0, 0, 21, 1, 2, 0, 0, '', '', '', '0.000000', 0, 1, '10.504202', '0.000000', '', '0.000000', '0.00', '126,', '', '', '0.000000', '0.000000', '0.000000', '0.000000', 2, 0, 0, 0, 0, 1, '404', 0, 1, '0000-00-00', 0, 'new', 1, 1, 'both', 0, 0, 0, 0, '2017-03-23 11:52:33', '2017-03-23 11:55:37', 0, 3, 1),
(50, 0, 0, 21, 1, 2, 0, 0, '', '', '', '0.000000', 0, 1, '10.840336', '0.000000', '', '0.000000', '0.00', '127,', '', '', '0.000000', '0.000000', '0.000000', '0.000000', 2, 0, 0, 0, 0, 1, '404', 0, 1, '0000-00-00', 0, 'new', 1, 1, 'both', 0, 0, 0, 0, '2017-03-23 11:55:12', '2017-03-23 11:57:20', 0, 3, 1),
(51, 0, 0, 22, 1, 2, 0, 0, '', '', '', '0.000000', 0, 1, '3.277311', '0.000000', '', '0.000000', '0.00', '60,', '', '', '0.000000', '0.000000', '0.000000', '0.000000', 2, 0, 0, 0, 0, 1, '404', 0, 1, '0000-00-00', 0, 'new', 1, 1, 'both', 0, 0, 0, 0, '2017-03-23 11:57:41', '2017-03-23 12:03:50', 0, 3, 1),
(52, 0, 0, 22, 1, 2, 0, 0, '', '', '', '0.000000', 0, 1, '3.529412', '0.000000', '', '0.000000', '0.00', '62,', '', '', '0.000000', '0.000000', '0.000000', '0.000000', 2, 0, 0, 0, 0, 1, '404', 0, 1, '0000-00-00', 0, 'new', 1, 1, 'both', 0, 0, 0, 0, '2017-03-23 12:01:40', '2017-03-23 12:06:41', 0, 3, 1),
(53, 0, 0, 22, 1, 2, 0, 0, '', '', '', '0.000000', 0, 1, '35.294118', '0.000000', '', '0.000000', '0.00', '61,', '', '', '0.000000', '0.000000', '0.000000', '0.000000', 2, 0, 0, 0, 0, 1, '404', 0, 1, '0000-00-00', 0, 'new', 1, 1, 'both', 0, 0, 0, 0, '2017-03-23 12:01:47', '2017-03-23 12:05:38', 0, 3, 1),
(54, 0, 0, 22, 1, 2, 0, 0, '', '', '', '0.000000', 0, 1, '4.117647', '0.000000', '', '0.000000', '0.00', '63,', '', '', '0.000000', '0.000000', '0.000000', '0.000000', 2, 0, 0, 0, 0, 1, '404', 0, 1, '0000-00-00', 0, 'new', 1, 1, 'both', 0, 0, 0, 0, '2017-03-23 12:01:59', '2017-03-23 12:07:57', 0, 3, 1),
(55, 0, 0, 24, 1, 2, 0, 0, '', '', '', '0.000000', 0, 1, '6.554622', '0.000000', '', '0.000000', '0.00', '80,', '', '', '0.000000', '0.000000', '0.000000', '0.000000', 2, 0, 0, 0, 0, 1, '404', 0, 1, '0000-00-00', 0, 'new', 1, 1, 'both', 0, 0, 0, 0, '2017-03-23 12:08:31', '2017-03-23 12:16:39', 0, 3, 1),
(58, 0, 0, 24, 1, 2, 0, 0, '', '', '', '0.000000', 0, 1, '7.142857', '0.000000', '', '0.000000', '0.00', '82,', '', '', '0.000000', '0.000000', '0.000000', '0.000000', 2, 0, 0, 0, 0, 1, '404', 0, 1, '0000-00-00', 0, 'new', 1, 1, 'both', 0, 0, 0, 0, '2017-03-23 12:13:33', '2017-03-23 12:20:11', 0, 3, 1),
(59, 0, 0, 24, 1, 2, 0, 0, '', '', '', '0.000000', 0, 1, '7.142857', '0.000000', '', '0.000000', '0.00', '81,', '', '', '0.000000', '0.000000', '0.000000', '0.000000', 2, 0, 0, 0, 0, 1, '404', 0, 1, '0000-00-00', 0, 'new', 1, 1, 'both', 0, 0, 0, 0, '2017-03-23 12:13:35', '2017-03-23 12:19:47', 0, 3, 1),
(60, 0, 0, 24, 1, 2, 0, 0, '', '', '', '0.000000', 0, 1, '6.638655', '0.000000', '', '0.000000', '0.00', '84,', '', '', '0.000000', '0.000000', '0.000000', '0.000000', 2, 0, 0, 0, 0, 1, '404', 0, 1, '0000-00-00', 0, 'new', 1, 1, 'both', 0, 0, 0, 0, '2017-03-23 12:18:04', '2017-03-23 12:23:37', 0, 3, 1),
(61, 0, 0, 24, 1, 2, 0, 0, '', '', '', '0.000000', 0, 1, '7.142857', '0.000000', '', '0.000000', '0.00', '83,', '', '', '0.000000', '0.000000', '0.000000', '0.000000', 2, 0, 0, 0, 0, 1, '404', 0, 1, '0000-00-00', 0, 'new', 1, 1, 'both', 0, 0, 0, 0, '2017-03-23 12:18:07', '2017-03-23 12:22:36', 0, 3, 1),
(62, 0, 0, 24, 1, 2, 0, 0, '', '', '', '0.000000', 0, 1, '7.142857', '0.000000', '', '0.000000', '0.00', '86,', '', '', '0.000000', '0.000000', '0.000000', '0.000000', 2, 0, 0, 0, 0, 1, '404', 0, 1, '0000-00-00', 0, 'new', 1, 1, 'both', 0, 0, 0, 0, '2017-03-23 12:21:33', '2017-03-23 12:27:03', 0, 3, 1),
(63, 0, 0, 24, 1, 2, 0, 0, '', '', '', '0.000000', 0, 1, '7.142857', '0.000000', '', '0.000000', '0.00', '85,', '', '', '0.000000', '0.000000', '0.000000', '0.000000', 2, 0, 0, 0, 0, 1, '404', 0, 1, '0000-00-00', 0, 'new', 1, 1, 'both', 0, 0, 0, 0, '2017-03-23 12:21:36', '2017-03-23 12:26:18', 0, 3, 1),
(64, 0, 0, 24, 1, 2, 0, 0, '', '', '', '0.000000', 0, 1, '8.235294', '0.000000', '', '0.000000', '0.00', '88,', '', '', '0.000000', '0.000000', '0.000000', '0.000000', 2, 0, 0, 0, 0, 1, '404', 0, 1, '0000-00-00', 0, 'new', 1, 1, 'both', 0, 0, 0, 0, '2017-03-23 12:24:12', '2017-03-23 12:30:45', 0, 3, 1),
(65, 0, 0, 24, 1, 2, 0, 0, '', '', '', '0.000000', 0, 1, '8.235294', '0.000000', '', '0.000000', '0.00', '87,', '', '', '0.000000', '0.000000', '0.000000', '0.000000', 2, 0, 0, 0, 0, 1, '404', 0, 1, '0000-00-00', 0, 'new', 1, 1, 'both', 0, 0, 0, 0, '2017-03-23 12:24:15', '2017-03-23 12:29:43', 0, 3, 1),
(66, 0, 0, 24, 1, 2, 0, 0, '', '', '', '0.000000', 0, 1, '6.638655', '0.000000', '', '0.000000', '0.00', '90,', '', '', '0.000000', '0.000000', '0.000000', '0.000000', 2, 0, 0, 0, 0, 1, '404', 0, 1, '0000-00-00', 0, 'new', 1, 1, 'both', 0, 0, 0, 0, '2017-03-23 12:28:15', '2017-03-23 12:34:16', 0, 3, 1),
(67, 0, 0, 24, 1, 2, 0, 0, '', '', '', '0.000000', 0, 1, '8.235294', '0.000000', '', '0.000000', '0.00', '89,', '', '', '0.000000', '0.000000', '0.000000', '0.000000', 2, 0, 0, 0, 0, 1, '404', 0, 1, '0000-00-00', 0, 'new', 1, 1, 'both', 0, 0, 0, 0, '2017-03-23 12:28:18', '2017-03-23 12:32:29', 0, 3, 1),
(68, 0, 0, 24, 1, 2, 0, 0, '', '', '', '0.000000', 0, 1, '7.142857', '0.000000', '', '0.000000', '0.00', '92,', '', '', '0.000000', '0.000000', '0.000000', '0.000000', 2, 0, 0, 0, 0, 1, '404', 0, 1, '0000-00-00', 0, 'new', 1, 1, 'both', 0, 0, 0, 0, '2017-03-23 12:32:49', '2017-03-23 12:37:23', 0, 3, 1),
(69, 0, 0, 24, 1, 2, 0, 0, '', '', '', '0.000000', 0, 1, '7.142857', '0.000000', '', '0.000000', '0.00', '91,', '', '', '0.000000', '0.000000', '0.000000', '0.000000', 2, 0, 0, 0, 0, 1, '404', 0, 1, '0000-00-00', 0, 'new', 1, 1, 'both', 0, 0, 0, 0, '2017-03-23 12:32:51', '2017-03-23 12:36:28', 0, 3, 1),
(70, 0, 0, 24, 1, 2, 0, 0, '', '', '', '0.000000', 0, 1, '7.478992', '0.000000', '', '0.000000', '0.00', '94,', '', '', '0.000000', '0.000000', '0.000000', '0.000000', 2, 0, 0, 0, 0, 1, '404', 0, 1, '0000-00-00', 0, 'new', 1, 1, 'both', 0, 0, 0, 0, '2017-03-23 12:34:43', '2017-03-23 12:43:52', 0, 3, 1),
(71, 0, 0, 24, 1, 2, 0, 0, '', '', '', '0.000000', 0, 1, '7.478992', '0.000000', '', '0.000000', '0.00', '93,', '', '', '0.000000', '0.000000', '0.000000', '0.000000', 2, 0, 0, 0, 0, 1, '404', 0, 1, '0000-00-00', 0, 'new', 1, 1, 'both', 0, 0, 0, 0, '2017-03-23 12:34:47', '2017-03-23 12:39:47', 0, 3, 1),
(72, 0, 0, 24, 1, 2, 0, 0, '', '', '', '0.000000', 0, 1, '8.319328', '0.000000', '', '0.000000', '0.00', '94b,', '', '', '0.000000', '0.000000', '0.000000', '0.000000', 2, 0, 0, 0, 0, 1, '404', 0, 1, '0000-00-00', 0, 'new', 1, 1, 'both', 0, 0, 0, 0, '2017-03-23 12:37:58', '2017-03-23 12:48:40', 0, 3, 1),
(73, 0, 0, 24, 1, 2, 0, 0, '', '', '', '0.000000', 0, 1, '7.478992', '0.000000', '', '0.000000', '0.00', '94a,', '', '', '0.000000', '0.000000', '0.000000', '0.000000', 2, 0, 0, 0, 0, 1, '404', 0, 1, '0000-00-00', 0, 'new', 1, 1, 'both', 0, 0, 0, 0, '2017-03-23 12:38:06', '2017-03-23 12:47:31', 0, 3, 1),
(78, 0, 0, 26, 1, 2, 0, 0, '', '', '', '0.000000', 0, 1, '8.823529', '0.000000', '', '0.000000', '0.00', '106,', '', '', '0.000000', '0.000000', '0.000000', '0.000000', 2, 0, 0, 0, 0, 1, '404', 0, 1, '0000-00-00', 0, 'new', 1, 1, 'both', 0, 0, 0, 0, '2017-03-23 12:55:52', '2017-03-23 13:00:37', 0, 3, 1),
(79, 0, 0, 26, 1, 2, 0, 0, '', '', '', '0.000000', 0, 1, '8.823529', '0.000000', '', '0.000000', '0.00', '105,', '', '', '0.000000', '0.000000', '0.000000', '0.000000', 2, 0, 0, 0, 0, 1, '404', 0, 1, '0000-00-00', 0, 'new', 1, 1, 'both', 0, 0, 0, 0, '2017-03-23 12:55:55', '2017-03-23 12:59:34', 0, 3, 1),
(80, 0, 0, 26, 1, 2, 0, 0, '', '', '', '0.000000', 0, 1, '9.663866', '0.000000', '', '0.000000', '0.00', '108,', '', '', '0.000000', '0.000000', '0.000000', '0.000000', 2, 0, 0, 0, 0, 1, '404', 0, 1, '0000-00-00', 0, 'new', 1, 1, 'both', 0, 0, 0, 0, '2017-03-23 13:00:39', '2017-03-23 13:04:44', 0, 3, 1),
(81, 0, 0, 26, 1, 2, 0, 0, '', '', '', '0.000000', 0, 1, '9.663866', '0.000000', '', '0.000000', '0.00', '107,', '', '', '0.000000', '0.000000', '0.000000', '0.000000', 2, 0, 0, 0, 0, 1, '404', 0, 1, '0000-00-00', 0, 'new', 1, 1, 'both', 0, 0, 0, 0, '2017-03-23 13:00:42', '2017-03-23 13:05:12', 0, 3, 1),
(82, 0, 0, 26, 1, 2, 0, 0, '', '', '', '0.000000', 0, 1, '10.504202', '0.000000', '', '0.000000', '0.00', '110,', '', '', '0.000000', '0.000000', '0.000000', '0.000000', 2, 0, 0, 0, 0, 1, '404', 0, 1, '0000-00-00', 0, 'new', 1, 1, 'both', 0, 0, 0, 0, '2017-03-23 13:05:51', '2017-03-23 13:10:14', 0, 3, 1),
(83, 0, 0, 26, 1, 2, 0, 0, '', '', '', '0.000000', 0, 1, '9.663866', '0.000000', '', '0.000000', '0.00', '109,', '', '', '0.000000', '0.000000', '0.000000', '0.000000', 2, 0, 0, 0, 0, 1, '404', 0, 1, '0000-00-00', 0, 'new', 1, 1, 'both', 0, 0, 0, 0, '2017-03-23 13:06:02', '2017-03-23 13:07:50', 0, 3, 1),
(84, 0, 0, 26, 1, 2, 0, 0, '', '', '', '0.000000', 0, 1, '9.663866', '0.000000', '', '0.000000', '0.00', '112,', '', '', '0.000000', '0.000000', '0.000000', '0.000000', 2, 0, 0, 0, 0, 1, '404', 0, 1, '0000-00-00', 0, 'new', 1, 1, 'both', 0, 0, 0, 0, '2017-03-23 13:08:05', '2017-03-23 13:13:26', 0, 3, 1),
(85, 0, 0, 26, 1, 2, 0, 0, '', '', '', '0.000000', 0, 1, '10.504202', '0.000000', '', '0.000000', '0.00', '111,', '', '', '0.000000', '0.000000', '0.000000', '0.000000', 2, 0, 0, 0, 0, 1, '404', 0, 1, '0000-00-00', 0, 'new', 1, 1, 'both', 0, 0, 0, 0, '2017-03-23 13:08:07', '2017-03-23 13:12:33', 0, 3, 1),
(86, 0, 0, 26, 1, 2, 0, 0, '', '', '', '0.000000', 0, 1, '9.915966', '0.000000', '', '0.000000', '0.00', '114,', '', '', '0.000000', '0.000000', '0.000000', '0.000000', 2, 0, 0, 0, 0, 1, '404', 0, 1, '0000-00-00', 0, 'new', 1, 1, 'both', 0, 0, 0, 0, '2017-03-23 13:12:56', '2017-03-23 13:17:26', 0, 3, 1),
(87, 0, 0, 26, 1, 2, 0, 0, '', '', '', '0.000000', 0, 1, '9.663866', '0.000000', '', '0.000000', '0.00', '113,', '', '', '0.000000', '0.000000', '0.000000', '0.000000', 2, 0, 0, 0, 0, 1, '404', 0, 1, '0000-00-00', 0, 'new', 1, 1, 'both', 0, 0, 0, 0, '2017-03-23 13:12:59', '2017-03-23 13:15:54', 0, 3, 1),
(88, 0, 0, 26, 1, 2, 0, 0, '', '', '', '0.000000', 0, 1, '10.504202', '0.000000', '', '0.000000', '0.00', '115,', '', '', '0.000000', '0.000000', '0.000000', '0.000000', 2, 0, 0, 0, 0, 1, '404', 0, 1, '0000-00-00', 0, 'new', 1, 1, 'both', 0, 0, 0, 0, '2017-03-23 13:13:54', '2017-03-23 13:18:30', 0, 3, 1),
(89, 0, 0, 27, 1, 2, 0, 0, '', '', '', '0.000000', 0, 1, '3.277311', '0.000000', '', '0.000000', '0.00', '67,', '', '', '0.000000', '0.000000', '0.000000', '0.000000', 2, 0, 0, 0, 0, 1, '404', 0, 1, '0000-00-00', 0, 'new', 1, 1, 'both', 0, 0, 0, 0, '2017-03-23 13:20:50', '2017-03-23 13:26:30', 0, 3, 1),
(90, 0, 0, 27, 1, 2, 0, 0, '', '', '', '0.000000', 0, 1, '3.277311', '0.000000', '', '0.000000', '0.00', '66,', '', '', '0.000000', '0.000000', '0.000000', '0.000000', 2, 0, 0, 0, 0, 1, '404', 0, 1, '0000-00-00', 0, 'new', 1, 1, 'both', 0, 0, 0, 0, '2017-03-23 13:20:56', '2017-03-23 13:25:18', 0, 3, 1),
(91, 0, 0, 27, 1, 2, 0, 0, '', '', '', '0.000000', 0, 1, '3.277311', '0.000000', '', '0.000000', '0.00', '65,', '', '', '0.000000', '0.000000', '0.000000', '0.000000', 2, 0, 0, 0, 0, 1, '404', 0, 1, '0000-00-00', 0, 'new', 1, 1, 'both', 0, 0, 0, 0, '2017-03-23 13:20:59', '2017-03-23 13:24:41', 0, 3, 1),
(92, 0, 0, 28, 1, 2, 0, 0, '', '', '', '0.000000', 0, 1, '8.151261', '0.000000', '', '0.000000', '0.00', '132,', '', '', '0.000000', '0.000000', '0.000000', '0.000000', 2, 0, 0, 0, 0, 1, '404', 0, 1, '0000-00-00', 0, 'new', 1, 1, 'both', 0, 0, 0, 0, '2017-03-23 13:30:41', '2017-03-23 13:34:55', 0, 3, 1),
(93, 0, 0, 28, 1, 2, 0, 0, '', '', '', '0.000000', 0, 1, '6.638655', '0.000000', '', '0.000000', '0.00', '131,', '', '', '0.000000', '0.000000', '0.000000', '0.000000', 2, 0, 0, 0, 0, 1, '404', 0, 1, '0000-00-00', 0, 'new', 1, 1, 'both', 0, 0, 0, 0, '2017-03-23 13:30:45', '2017-03-23 13:33:41', 0, 3, 1),
(94, 0, 0, 28, 1, 2, 0, 0, '', '', '', '0.000000', 0, 1, '6.638655', '0.000000', '', '0.000000', '0.00', '130,', '', '', '0.000000', '0.000000', '0.000000', '0.000000', 2, 0, 0, 0, 0, 1, '404', 0, 1, '0000-00-00', 0, 'new', 1, 1, 'both', 0, 0, 0, 0, '2017-03-23 13:30:49', '2017-03-23 13:32:37', 0, 3, 1),
(95, 0, 0, 28, 1, 2, 0, 0, '', '', '', '0.000000', 0, 1, '11.680672', '0.000000', '', '0.000000', '0.00', '134,', '', '', '0.000000', '0.000000', '0.000000', '0.000000', 2, 0, 0, 0, 0, 1, '404', 0, 1, '0000-00-00', 0, 'new', 1, 1, 'both', 0, 0, 0, 0, '2017-03-23 13:34:47', '2017-03-23 13:37:15', 0, 3, 1),
(96, 0, 0, 28, 1, 2, 0, 0, '', '', '', '0.000000', 0, 1, '7.478992', '0.000000', '', '0.000000', '0.00', '133,', '', '', '0.000000', '0.000000', '0.000000', '0.000000', 2, 0, 0, 0, 0, 1, '404', 0, 1, '0000-00-00', 0, 'new', 1, 1, 'both', 0, 0, 0, 0, '2017-03-23 13:34:50', '2017-03-23 13:37:02', 0, 3, 1),
(97, 0, 0, 29, 1, 2, 0, 0, '', '', '', '0.000000', 0, 1, '3.277311', '0.000000', '', '0.000000', '0.00', '11,', '', '', '0.000000', '0.000000', '0.000000', '0.000000', 2, 0, 0, 0, 0, 1, '404', 0, 1, '0000-00-00', 0, 'new', 1, 1, 'both', 0, 0, 0, 0, '2017-03-23 13:39:14', '2017-03-23 13:42:53', 0, 3, 1),
(98, 0, 0, 29, 1, 0, 0, 0, '', '', '', '0.000000', 0, 1, '2.900000', '0.000000', '', '0.000000', '0.00', '10,', '', '', '0.000000', '0.000000', '0.000000', '0.000000', 2, 0, 0, 0, 0, 1, '404', 0, 1, '0000-00-00', 0, 'new', 1, 1, 'both', 0, 0, 0, 0, '2017-03-23 13:39:19', '2017-03-23 13:41:06', 0, 3, 1),
(99, 0, 0, 29, 1, 2, 0, 0, '', '', '', '0.000000', 0, 1, '4.621849', '0.000000', '', '0.000000', '0.00', '13,', '', '', '0.000000', '0.000000', '0.000000', '0.000000', 2, 0, 0, 0, 0, 1, '404', 0, 1, '0000-00-00', 0, 'new', 1, 1, 'both', 0, 0, 0, 0, '2017-03-23 13:42:08', '2017-03-23 13:45:40', 0, 3, 1),
(100, 0, 0, 29, 1, 2, 0, 0, '', '', '', '0.000000', 0, 1, '4.033613', '0.000000', '', '0.000000', '0.00', '12,', '', '', '0.000000', '0.000000', '0.000000', '0.000000', 2, 0, 0, 0, 0, 1, '404', 0, 1, '0000-00-00', 0, 'new', 1, 1, 'both', 0, 0, 0, 0, '2017-03-23 13:42:12', '2017-03-23 13:45:01', 0, 3, 1),
(101, 0, 0, 29, 1, 2, 0, 0, '', '', '', '0.000000', 0, 1, '5.462185', '0.000000', '', '0.000000', '0.00', '14,', '', '', '0.000000', '0.000000', '0.000000', '0.000000', 2, 0, 0, 0, 0, 1, '404', 0, 1, '0000-00-00', 0, 'new', 1, 1, 'both', 0, 0, 0, 0, '2017-03-23 13:42:44', '2017-03-23 13:46:39', 0, 3, 1),
(102, 0, 0, 30, 1, 2, 0, 0, '', '', '', '0.000000', 0, 1, '7.478992', '0.000000', '', '0.000000', '0.00', '71,', '', '', '0.000000', '0.000000', '0.000000', '0.000000', 2, 0, 0, 0, 0, 1, '404', 0, 1, '0000-00-00', 0, 'new', 1, 1, 'both', 0, 0, 0, 0, '2017-03-23 13:55:26', '2017-03-23 13:58:10', 0, 3, 1),
(103, 0, 0, 30, 1, 2, 0, 0, '', '', '', '0.000000', 0, 1, '7.478992', '0.000000', '', '0.000000', '0.00', '70,', '', '', '0.000000', '0.000000', '0.000000', '0.000000', 2, 0, 0, 0, 0, 1, '404', 0, 1, '0000-00-00', 0, 'new', 1, 1, 'both', 0, 0, 0, 0, '2017-03-23 13:55:31', '2017-03-23 13:58:15', 0, 3, 1),
(104, 0, 0, 30, 1, 2, 0, 0, '', '', '', '0.000000', 0, 1, '10.756303', '0.000000', '', '0.000000', '0.00', '73,', '', '', '0.000000', '0.000000', '0.000000', '0.000000', 2, 0, 0, 0, 0, 1, '404', 0, 1, '0000-00-00', 0, 'new', 1, 1, 'both', 0, 0, 0, 0, '2017-03-23 13:58:36', '2017-03-23 14:01:48', 0, 3, 1),
(105, 0, 0, 30, 1, 2, 0, 0, '', '', '', '0.000000', 0, 1, '8.319328', '0.000000', '', '0.000000', '0.00', '72,', '', '', '0.000000', '0.000000', '0.000000', '0.000000', 2, 0, 0, 0, 0, 1, '404', 0, 1, '0000-00-00', 0, 'new', 1, 1, 'both', 0, 0, 0, 0, '2017-03-23 13:58:38', '2017-03-23 14:00:06', 0, 3, 1),
(106, 0, 0, 30, 1, 2, 0, 0, '', '', '', '0.000000', 0, 1, '11.680672', '0.000000', '', '0.000000', '0.00', '75,', '', '', '0.000000', '0.000000', '0.000000', '0.000000', 2, 0, 0, 0, 0, 1, '404', 0, 1, '0000-00-00', 0, 'new', 1, 1, 'both', 0, 0, 0, 0, '2017-03-23 14:01:11', '2017-03-23 14:05:01', 0, 3, 1),
(107, 0, 0, 30, 1, 2, 0, 0, '', '', '', '0.000000', 0, 1, '10.756303', '0.000000', '', '0.000000', '0.00', '74,', '', '', '0.000000', '0.000000', '0.000000', '0.000000', 2, 0, 0, 0, 0, 1, '404', 0, 1, '0000-00-00', 0, 'new', 1, 1, 'both', 0, 0, 0, 0, '2017-03-23 14:01:15', '2017-03-23 14:03:18', 0, 3, 1),
(108, 0, 0, 30, 1, 2, 0, 0, '', '', '', '0.000000', 0, 1, '11.680672', '0.000000', '', '0.000000', '0.00', '78,', '', '', '0.000000', '0.000000', '0.000000', '0.000000', 2, 0, 0, 0, 0, 1, '404', 0, 1, '0000-00-00', 0, 'new', 1, 1, 'both', 0, 0, 0, 0, '2017-03-23 14:03:55', '2017-03-23 14:09:13', 0, 3, 1),
(109, 0, 0, 30, 1, 2, 0, 0, '', '', '', '0.000000', 0, 1, '11.680672', '0.000000', '', '0.000000', '0.00', '77,', '', '', '0.000000', '0.000000', '0.000000', '0.000000', 2, 0, 0, 0, 0, 1, '404', 0, 1, '0000-00-00', 0, 'new', 1, 1, 'both', 0, 0, 0, 0, '2017-03-23 14:03:57', '2017-03-23 14:09:18', 0, 3, 1),
(110, 0, 0, 30, 1, 2, 0, 0, '', '', '', '0.000000', 0, 1, '10.000000', '0.000000', '', '0.000000', '0.00', '76,', '', '', '0.000000', '0.000000', '0.000000', '0.000000', 2, 0, 0, 0, 0, 1, '404', 0, 1, '0000-00-00', 0, 'new', 1, 1, 'both', 0, 0, 0, 0, '2017-03-23 14:04:04', '2017-03-23 14:06:53', 0, 3, 1),
(111, 0, 0, 31, 1, 2, 0, 0, '', '', '', '0.000000', 0, 1, '2.100840', '0.000000', '', '0.000000', '0.00', '3,', '', '', '0.000000', '0.000000', '0.000000', '0.000000', 2, 0, 0, 0, 0, 1, '404', 0, 1, '0000-00-00', 0, 'new', 1, 1, 'both', 0, 0, 0, 0, '2017-03-23 14:09:39', '2017-03-23 14:13:57', 0, 3, 1),
(112, 0, 0, 31, 1, 2, 0, 0, '', '', '', '0.000000', 0, 1, '1.932773', '0.000000', '', '0.000000', '0.00', '2,', '', '', '0.000000', '0.000000', '0.000000', '0.000000', 2, 0, 0, 0, 0, 1, '404', 0, 1, '0000-00-00', 0, 'new', 1, 1, 'both', 0, 0, 0, 0, '2017-03-23 14:09:42', '2017-03-23 14:12:50', 0, 3, 1),
(113, 0, 0, 31, 1, 2, 0, 0, '', '', '', '0.000000', 0, 1, '2.100840', '0.000000', '', '0.000000', '0.00', '1,', '', '', '0.000000', '0.000000', '0.000000', '0.000000', 2, 0, 0, 0, 0, 1, '404', 0, 1, '0000-00-00', 0, 'new', 1, 1, 'both', 0, 0, 0, 0, '2017-03-23 14:09:44', '2017-03-23 14:12:16', 0, 3, 1),
(114, 0, 0, 31, 1, 2, 0, 0, '', '', '', '0.000000', 0, 1, '2.689076', '0.000000', '', '0.000000', '0.00', '6,', '', '', '0.000000', '0.000000', '0.000000', '0.000000', 2, 0, 0, 0, 0, 1, '404', 0, 1, '0000-00-00', 0, 'new', 1, 1, 'both', 0, 0, 0, 0, '2017-03-23 14:13:59', '2017-03-23 14:22:51', 0, 3, 1),
(115, 0, 0, 31, 1, 2, 0, 0, '', '', '', '0.000000', 0, 1, '2.436975', '0.000000', '', '0.000000', '0.00', '5,', '', '', '0.000000', '0.000000', '0.000000', '0.000000', 2, 0, 0, 0, 0, 1, '404', 0, 1, '0000-00-00', 0, 'new', 1, 1, 'both', 0, 0, 0, 0, '2017-03-23 14:14:03', '2017-03-23 14:22:06', 0, 3, 1),
(116, 0, 0, 31, 1, 2, 0, 0, '', '', '', '0.000000', 0, 1, '2.689076', '0.000000', '', '0.000000', '0.00', '4,', '', '', '0.000000', '0.000000', '0.000000', '0.000000', 2, 0, 0, 0, 0, 1, '404', 0, 1, '0000-00-00', 0, 'new', 1, 1, 'both', 0, 0, 0, 0, '2017-03-23 14:14:10', '2017-03-23 14:19:28', 0, 3, 1),
(117, 0, 0, 23, 1, 2, 0, 0, '', '', '', '0.000000', 0, 1, '57.563025', '0.000000', '', '0.000000', '0.00', '163,', '', '', '0.000000', '0.000000', '0.000000', '0.000000', 2, 0, 0, 0, 0, 1, '404', 0, 1, '0000-00-00', 0, 'new', 1, 1, 'both', 0, 0, 0, 0, '2017-03-23 14:26:33', '2017-03-23 14:44:22', 0, 3, 1),
(118, 0, 0, 23, 1, 2, 0, 0, '', '', '', '0.000000', 0, 1, '44.957983', '0.000000', '', '0.000000', '0.00', '162,', '', '', '0.000000', '0.000000', '0.000000', '0.000000', 2, 0, 0, 0, 0, 1, '404', 0, 1, '0000-00-00', 0, 'new', 1, 1, 'both', 0, 0, 0, 0, '2017-03-23 14:26:37', '2017-03-23 14:43:06', 0, 3, 1),
(119, 0, 0, 23, 1, 2, 0, 0, '', '', '', '0.000000', 0, 1, '30.672269', '0.000000', '', '0.000000', '0.00', '161,', '', '', '0.000000', '0.000000', '0.000000', '0.000000', 2, 0, 0, 0, 0, 1, '404', 0, 1, '0000-00-00', 0, 'new', 1, 1, 'both', 0, 0, 0, 0, '2017-03-23 14:26:42', '2017-03-23 14:39:20', 0, 3, 1),
(123, 0, 0, 25, 1, 2, 0, 0, '', '', '', '0.000000', 0, 1, '57.058824', '0.000000', '', '0.000000', '0.00', '153,', '', '', '0.000000', '0.000000', '0.000000', '0.000000', 2, 0, 0, 0, 0, 1, '404', 0, 1, '0000-00-00', 0, 'new', 1, 1, 'both', 0, 0, 0, 0, '2017-03-23 14:45:19', '2017-03-23 14:49:22', 0, 3, 1),
(124, 0, 0, 25, 1, 2, 0, 0, '', '', '', '0.000000', 0, 1, '44.117647', '0.000000', '', '0.000000', '0.00', '152,', '', '', '0.000000', '0.000000', '0.000000', '0.000000', 2, 0, 0, 0, 0, 1, '404', 0, 1, '0000-00-00', 0, 'new', 1, 1, 'both', 0, 0, 0, 0, '2017-03-23 14:45:24', '2017-03-23 14:48:23', 0, 3, 1),
(125, 0, 0, 25, 1, 2, 0, 0, '', '', '', '0.000000', 0, 1, '31.764706', '0.000000', '', '0.000000', '0.00', '151,', '', '', '0.000000', '0.000000', '0.000000', '0.000000', 2, 0, 0, 0, 0, 1, '404', 0, 1, '0000-00-00', 0, 'new', 1, 1, 'both', 0, 0, 0, 0, '2017-03-23 14:45:33', '2017-03-23 14:48:08', 0, 3, 1),
(126, 0, 0, 32, 1, 2, 0, 0, '', '', '', '0.000000', 0, 1, '47.478992', '0.000000', '', '0.000000', '0.00', '156,', '', '', '0.000000', '0.000000', '0.000000', '0.000000', 2, 0, 0, 0, 0, 1, '404', 0, 1, '0000-00-00', 0, 'new', 1, 1, 'both', 0, 0, 0, 0, '2017-03-23 14:49:31', '2017-03-30 15:26:12', 0, 3, 1),
(127, 0, 0, 32, 1, 2, 0, 0, '', '', '', '0.000000', 0, 1, '33.193277', '0.000000', '', '0.000000', '0.00', '155,', '', '', '0.000000', '0.000000', '0.000000', '0.000000', 2, 0, 0, 0, 0, 1, '404', 0, 1, '0000-00-00', 0, 'new', 1, 1, 'both', 0, 0, 0, 0, '2017-03-23 14:49:34', '2017-03-30 15:26:05', 0, 3, 1),
(128, 0, 0, 32, 1, 2, 0, 0, '', '', '', '0.000000', 0, 1, '60.924370', '0.000000', '', '0.000000', '0.00', '157,', '', '', '0.000000', '0.000000', '0.000000', '0.000000', 2, 0, 0, 0, 0, 1, '404', 0, 1, '0000-00-00', 0, 'new', 1, 1, 'both', 0, 0, 0, 0, '2017-03-23 14:49:42', '2017-03-23 14:52:47', 0, 3, 1),
(129, 0, 0, 33, 1, 2, 0, 0, '', '', '', '0.000000', 0, 1, '6.302521', '0.000000', '', '0.000000', '0.00', '48,', '', '', '0.000000', '0.000000', '0.000000', '0.000000', 2, 0, 0, 0, 0, 1, '404', 0, 1, '0000-00-00', 0, 'new', 1, 1, 'both', 0, 0, 0, 0, '2017-03-24 12:44:45', '2017-03-24 12:49:18', 0, 3, 1),
(130, 0, 0, 33, 1, 2, 0, 0, '', '', '', '0.000000', 0, 1, '6.386555', '0.000000', '', '0.000000', '0.00', '47,', '', '', '0.000000', '0.000000', '0.000000', '0.000000', 2, 0, 0, 0, 0, 1, '404', 0, 1, '0000-00-00', 0, 'new', 1, 1, 'both', 0, 0, 0, 0, '2017-03-24 12:44:47', '2017-03-24 12:47:48', 0, 3, 1),
(131, 0, 0, 33, 1, 2, 0, 0, '', '', '', '0.000000', 0, 1, '6.638655', '0.000000', '', '0.000000', '0.00', '46,', '', '', '0.000000', '0.000000', '0.000000', '0.000000', 2, 0, 0, 0, 0, 1, '404', 0, 1, '0000-00-00', 0, 'new', 1, 1, 'both', 0, 0, 0, 0, '2017-03-24 12:44:53', '2017-03-24 12:46:30', 0, 3, 1),
(132, 0, 0, 33, 1, 2, 0, 0, '', '', '', '0.000000', 0, 1, '6.638655', '0.000000', '', '0.000000', '0.00', '50,', '', '', '0.000000', '0.000000', '0.000000', '0.000000', 2, 0, 0, 0, 0, 1, '404', 0, 1, '0000-00-00', 0, 'new', 1, 1, 'both', 0, 0, 0, 0, '2017-03-24 12:49:11', '2017-03-24 12:51:15', 0, 3, 1),
(133, 0, 0, 33, 1, 2, 0, 0, '', '', '', '0.000000', 0, 1, '6.638655', '0.000000', '', '0.000000', '0.00', '51,', '', '', '0.000000', '0.000000', '0.000000', '0.000000', 2, 0, 0, 0, 0, 1, '404', 0, 1, '0000-00-00', 0, 'new', 1, 1, 'both', 0, 0, 0, 0, '2017-03-24 12:50:21', '2017-03-24 12:52:32', 0, 3, 1),
(134, 0, 0, 33, 1, 2, 0, 0, '', '', '', '0.000000', 0, 1, '5.798319', '0.000000', '', '0.000000', '0.00', '35,', '', '', '0.000000', '0.000000', '0.000000', '0.000000', 2, 0, 0, 0, 0, 1, '404', 0, 1, '0000-00-00', 0, 'new', 1, 1, 'both', 0, 0, 0, 0, '2017-03-24 12:51:43', '2017-03-24 12:56:17', 0, 3, 1),
(135, 0, 0, 33, 1, 2, 0, 0, '', '', '', '0.000000', 0, 1, '5.210084', '0.000000', '', '0.000000', '0.00', '36,', '', '', '0.000000', '0.000000', '0.000000', '0.000000', 2, 0, 0, 0, 0, 1, '404', 0, 1, '0000-00-00', 0, 'new', 1, 1, 'both', 0, 0, 0, 0, '2017-03-24 12:53:40', '2017-03-24 12:55:12', 0, 3, 1),
(136, 0, 0, 33, 1, 2, 0, 0, '', '', '', '0.000000', 0, 1, '5.210084', '0.000000', '', '0.000000', '0.00', '38,', '', '', '0.000000', '0.000000', '0.000000', '0.000000', 2, 0, 0, 0, 0, 1, '404', 0, 1, '0000-00-00', 0, 'new', 1, 1, 'both', 0, 0, 0, 0, '2017-03-24 12:56:30', '2017-03-24 12:57:29', 0, 3, 1),
(137, 0, 0, 33, 1, 2, 0, 0, '', '', '', '0.000000', 0, 1, '5.462185', '0.000000', '', '0.000000', '0.00', '39,', '', '', '0.000000', '0.000000', '0.000000', '0.000000', 2, 0, 0, 0, 0, 1, '404', 0, 1, '0000-00-00', 0, 'new', 1, 1, 'both', 0, 0, 0, 0, '2017-03-24 12:57:34', '2017-03-24 12:58:43', 0, 3, 1),
(138, 0, 0, 33, 1, 2, 0, 0, '', '', '', '0.000000', 0, 1, '5.798319', '0.000000', '', '0.000000', '0.00', '40,', '', '', '0.000000', '0.000000', '0.000000', '0.000000', 2, 0, 0, 0, 0, 1, '404', 0, 1, '0000-00-00', 0, 'new', 1, 1, 'both', 0, 0, 0, 0, '2017-03-24 12:58:37', '2017-03-24 13:01:28', 0, 3, 1),
(139, 0, 0, 33, 1, 2, 0, 0, '', '', '', '0.000000', 0, 1, '6.302521', '0.000000', '', '0.000000', '0.00', '41,', '', '', '0.000000', '0.000000', '0.000000', '0.000000', 2, 0, 0, 0, 0, 1, '404', 0, 1, '0000-00-00', 0, 'new', 1, 1, 'both', 0, 0, 0, 0, '2017-03-24 13:01:32', '2017-03-24 13:04:46', 0, 3, 1),
(140, 0, 0, 33, 1, 2, 0, 0, '', '', '', '0.000000', 0, 1, '6.638655', '0.000000', '', '0.000000', '0.00', '42,', '', '', '0.000000', '0.000000', '0.000000', '0.000000', 2, 0, 0, 0, 0, 1, '404', 0, 1, '0000-00-00', 0, 'new', 1, 1, 'both', 0, 0, 0, 0, '2017-03-24 13:03:32', '2017-03-24 13:05:55', 0, 3, 1),
(141, 0, 0, 33, 1, 0, 0, 0, '', '', '', '0.000000', 0, 1, '7.900000', '0.000000', '', '0.000000', '0.00', '43,', '', '', '0.000000', '0.000000', '0.000000', '0.000000', 2, 0, 0, 0, 0, 1, '404', 0, 1, '0000-00-00', 0, 'new', 1, 1, 'both', 0, 0, 0, 0, '2017-03-24 13:05:49', '2017-03-24 13:07:13', 0, 3, 1),
(142, 0, 0, 33, 1, 2, 0, 0, '', '', '', '0.000000', 0, 1, '6.638655', '0.000000', '', '0.000000', '0.00', '44,', '', '', '0.000000', '0.000000', '0.000000', '0.000000', 2, 0, 0, 0, 0, 1, '404', 0, 1, '0000-00-00', 0, 'new', 1, 1, 'both', 0, 0, 0, 0, '2017-03-24 13:06:28', '2017-03-24 13:08:08', 0, 3, 1),
(143, 0, 0, 33, 1, 2, 0, 0, '', '', '', '0.000000', 0, 1, '6.638655', '0.000000', '', '0.000000', '0.00', '45,', '', '', '0.000000', '0.000000', '0.000000', '0.000000', 2, 0, 0, 0, 0, 1, '404', 0, 1, '0000-00-00', 0, 'new', 1, 1, 'both', 0, 0, 0, 0, '2017-03-24 13:08:04', '2017-03-24 13:09:26', 0, 3, 1),
(144, 0, 0, 34, 1, 2, 0, 0, '', '', '', '0.000000', 0, 1, '27.310924', '0.000000', '', '0.000000', '0.00', '165,', '', '', '0.000000', '0.000000', '0.000000', '0.000000', 2, 0, 0, 0, 0, 1, '404', 0, 1, '0000-00-00', 0, 'new', 1, 1, 'both', 0, 0, 0, 0, '2017-03-24 13:09:18', '2017-03-24 13:12:13', 0, 3, 1),
(145, 0, 0, 34, 1, 2, 0, 0, '', '', '', '0.000000', 0, 1, '41.092437', '0.000000', '', '0.000000', '0.00', '167,', '', '', '0.000000', '0.000000', '0.000000', '0.000000', 2, 0, 0, 0, 0, 1, '404', 0, 1, '0000-00-00', 0, 'new', 1, 1, 'both', 0, 0, 0, 0, '2017-03-24 13:10:41', '2017-03-24 13:14:27', 0, 3, 1),
(146, 0, 0, 34, 1, 2, 0, 0, '', '', '', '0.000000', 0, 1, '32.689076', '0.000000', '', '0.000000', '0.00', '166,', '', '', '0.000000', '0.000000', '0.000000', '0.000000', 2, 0, 0, 0, 0, 1, '404', 0, 1, '0000-00-00', 0, 'new', 1, 1, 'both', 0, 0, 0, 0, '2017-03-24 13:10:43', '2017-03-24 13:13:09', 0, 3, 1),
(147, 0, 0, 35, 1, 2, 0, 0, '', '', '', '0.000000', 0, 1, '2.689076', '0.000000', '', '0.000000', '0.00', '27,', '', '', '0.000000', '0.000000', '0.000000', '0.000000', 2, 0, 0, 0, 0, 1, '404', 0, 1, '0000-00-00', 0, 'new', 1, 1, 'both', 0, 0, 0, 0, '2017-03-24 13:14:09', '2017-03-24 13:16:05', 0, 3, 1),
(148, 0, 0, 35, 1, 2, 0, 0, '', '', '', '0.000000', 0, 1, '4.033613', '0.000000', '', '0.000000', '0.00', '29,', '', '', '0.000000', '0.000000', '0.000000', '0.000000', 2, 0, 0, 0, 0, 1, '404', 0, 1, '0000-00-00', 0, 'new', 1, 1, 'both', 0, 0, 0, 0, '2017-03-24 13:16:01', '2017-03-24 13:18:46', 0, 3, 1),
(149, 0, 0, 35, 1, 2, 0, 0, '', '', '', '0.000000', 0, 1, '4.957983', '0.000000', '', '0.000000', '0.00', '28,', '', '', '0.000000', '0.000000', '0.000000', '0.000000', 2, 0, 0, 0, 0, 1, '404', 0, 1, '0000-00-00', 0, 'new', 1, 1, 'both', 0, 0, 0, 0, '2017-03-24 13:16:05', '2017-03-24 13:18:06', 0, 3, 1),
(150, 0, 0, 35, 1, 2, 0, 0, '', '', '', '0.000000', 0, 1, '6.638655', '0.000000', '', '0.000000', '0.00', '30,', '', '', '0.000000', '0.000000', '0.000000', '0.000000', 2, 0, 0, 0, 0, 1, '404', 0, 1, '0000-00-00', 0, 'new', 1, 1, 'both', 0, 0, 0, 0, '2017-03-24 13:18:48', '2017-03-24 13:20:22', 0, 3, 1),
(151, 0, 0, 35, 1, 2, 0, 0, '', '', '', '0.000000', 0, 1, '2.100840', '0.000000', '', '0.000000', '0.00', '21,', '', '', '0.000000', '0.000000', '0.000000', '0.000000', 2, 0, 0, 0, 0, 1, '404', 0, 1, '0000-00-00', 0, 'new', 1, 1, 'both', 0, 0, 0, 0, '2017-03-24 13:19:43', '2017-03-24 13:22:48', 0, 3, 1),
(152, 0, 0, 35, 1, 2, 0, 0, '', '', '', '0.000000', 0, 1, '2.941176', '0.000000', '', '0.000000', '0.00', '20,', '', '', '0.000000', '0.000000', '0.000000', '0.000000', 2, 0, 0, 0, 0, 1, '404', 0, 1, '0000-00-00', 0, 'new', 1, 1, 'both', 0, 0, 0, 0, '2017-03-24 13:19:46', '2017-03-24 13:21:28', 0, 3, 1),
(153, 0, 0, 35, 1, 2, 0, 0, '', '', '', '0.000000', 0, 1, '2.100840', '0.000000', '', '0.000000', '0.00', '23,', '', '', '0.000000', '0.000000', '0.000000', '0.000000', 2, 0, 0, 0, 0, 1, '404', 0, 1, '0000-00-00', 0, 'new', 1, 1, 'both', 0, 0, 0, 0, '2017-03-24 13:22:08', '2017-03-24 13:24:46', 0, 3, 1),
(154, 0, 0, 35, 1, 2, 0, 0, '', '', '', '0.000000', 0, 1, '2.857143', '0.000000', '', '0.000000', '0.00', '22,', '', '', '0.000000', '0.000000', '0.000000', '0.000000', 2, 0, 0, 0, 0, 1, '404', 0, 1, '0000-00-00', 0, 'new', 1, 1, 'both', 0, 0, 0, 0, '2017-03-24 13:22:11', '2017-03-24 13:23:34', 0, 3, 1),
(155, 0, 0, 35, 1, 2, 0, 0, '', '', '', '0.000000', 0, 1, '1.848739', '0.000000', '', '0.000000', '0.00', '25,', '', '', '0.000000', '0.000000', '0.000000', '0.000000', 2, 0, 0, 0, 0, 1, '404', 0, 1, '0000-00-00', 0, 'new', 1, 1, 'both', 0, 0, 0, 0, '2017-03-24 13:24:40', '2017-03-24 13:27:50', 0, 3, 1),
(156, 0, 0, 35, 1, 2, 0, 0, '', '', '', '0.000000', 0, 1, '2.100840', '0.000000', '', '0.000000', '0.00', '24,', '', '', '0.000000', '0.000000', '0.000000', '0.000000', 2, 0, 0, 0, 0, 1, '404', 0, 1, '0000-00-00', 0, 'new', 1, 1, 'both', 0, 0, 0, 0, '2017-03-24 13:24:42', '2017-03-24 13:27:32', 0, 3, 1),
(157, 0, 0, 35, 1, 2, 0, 0, '', '', '', '0.000000', 0, 1, '2.436975', '0.000000', '', '0.000000', '0.00', '26,', '', '', '0.000000', '0.000000', '0.000000', '0.000000', 2, 0, 0, 0, 0, 1, '404', 0, 1, '0000-00-00', 0, 'new', 1, 1, 'both', 0, 0, 0, 0, '2017-03-24 13:25:47', '2017-03-24 13:28:51', 0, 3, 1),
(158, 0, 0, 17, 1, 2, 0, 0, '', '', '', '0.000000', 0, 1, '1.512605', '0.000000', '', '0.000000', '0.00', '215,', '', '', '0.000000', '0.000000', '0.000000', '0.000000', 2, 0, 0, 0, 0, 1, '404', 0, 1, '0000-00-00', 0, 'new', 1, 1, 'both', 0, 0, 0, 0, '2017-03-28 14:13:21', '2017-03-28 14:15:08', 0, 3, 1),
(160, 0, 0, 17, 1, 2, 0, 0, '', '', '', '0.000000', 0, 1, '2.352941', '0.000000', '', '0.000000', '0.00', '216', '', '', '0.000000', '0.000000', '0.000000', '0.000000', 2, 0, 0, 0, 0, 1, '404', 0, 1, '0000-00-00', 0, 'new', 1, 1, 'both', 0, 0, 0, 0, '2017-03-28 14:13:34', '2017-03-28 14:46:10', 0, 3, 1),
(161, 0, 0, 17, 1, 2, 0, 0, '', '', '', '0.000000', 0, 1, '1.512605', '0.000000', '', '0.000000', '0.00', '216,', '', '', '0.000000', '0.000000', '0.000000', '0.000000', 2, 0, 0, 0, 0, 1, '404', 0, 1, '0000-00-00', 0, 'new', 1, 1, 'both', 0, 0, 0, 0, '2017-03-28 14:13:35', '2017-03-28 14:42:29', 0, 3, 1),
(162, 0, 0, 17, 1, 2, 0, 0, '', '', '', '0.000000', 0, 1, '1.512605', '0.000000', '', '0.000000', '0.00', '217,', '', '', '0.000000', '0.000000', '0.000000', '0.000000', 2, 0, 0, 0, 0, 1, '404', 0, 1, '0000-00-00', 0, 'new', 1, 1, 'both', 0, 0, 0, 0, '2017-03-28 14:41:01', '2017-03-28 14:48:02', 0, 3, 1),
(163, 0, 0, 17, 1, 2, 0, 0, '', '', '', '0.000000', 0, 1, '2.352941', '0.000000', '', '0.000000', '0.00', '218,', '', '', '0.000000', '0.000000', '0.000000', '0.000000', 2, 0, 0, 0, 0, 1, '404', 0, 1, '0000-00-00', 0, 'new', 1, 1, 'both', 0, 0, 0, 0, '2017-03-28 14:47:17', '2017-03-28 14:51:14', 0, 3, 1),
(164, 0, 0, 17, 1, 2, 0, 0, '', '', '', '0.000000', 0, 1, '1.512605', '0.000000', '', '0.000000', '0.00', '218,', '', '', '0.000000', '0.000000', '0.000000', '0.000000', 2, 0, 0, 0, 0, 1, '404', 0, 1, '0000-00-00', 0, 'new', 1, 1, 'both', 0, 0, 0, 0, '2017-03-28 14:47:19', '2017-03-28 14:51:08', 0, 3, 1),
(165, 0, 0, 17, 1, 2, 0, 0, '', '', '', '0.000000', 0, 1, '2.352941', '0.000000', '', '0.000000', '0.00', '217,', '', '', '0.000000', '0.000000', '0.000000', '0.000000', 2, 0, 0, 0, 0, 1, '404', 0, 1, '0000-00-00', 0, 'new', 1, 1, 'both', 0, 0, 0, 0, '2017-03-28 14:47:21', '2017-03-28 14:49:24', 0, 3, 1),
(166, 0, 0, 17, 1, 2, 0, 0, '', '', '', '0.000000', 0, 1, '2.268908', '0.000000', '', '0.000000', '0.00', '219,', '', '', '0.000000', '0.000000', '0.000000', '0.000000', 2, 0, 0, 0, 0, 1, '404', 0, 1, '0000-00-00', 0, 'new', 1, 1, 'both', 0, 0, 0, 0, '2017-03-28 14:51:16', '2017-03-28 14:53:58', 0, 3, 1),
(167, 0, 0, 17, 1, 2, 0, 0, '', '', '', '0.000000', 0, 1, '1.428571', '0.000000', '', '0.000000', '0.00', '219,', '', '', '0.000000', '0.000000', '0.000000', '0.000000', 2, 0, 0, 0, 0, 1, '404', 0, 1, '0000-00-00', 0, 'new', 1, 1, 'both', 0, 0, 0, 0, '2017-03-28 14:51:18', '2017-03-28 14:53:28', 0, 3, 1),
(168, 0, 0, 17, 1, 2, 0, 0, '', '', '', '0.000000', 0, 1, '2.436975', '0.000000', '', '0.000000', '0.00', '220,', '', '', '0.000000', '0.000000', '0.000000', '0.000000', 2, 0, 0, 0, 0, 1, '404', 0, 1, '0000-00-00', 0, 'new', 1, 1, 'both', 0, 0, 0, 0, '2017-03-28 14:54:01', '2017-03-28 14:56:37', 0, 3, 1),
(169, 0, 0, 17, 1, 2, 0, 0, '', '', '', '0.000000', 0, 1, '1.596639', '0.000000', '', '0.000000', '0.00', '220,', '', '', '0.000000', '0.000000', '0.000000', '0.000000', 2, 0, 0, 0, 0, 1, '404', 0, 1, '0000-00-00', 0, 'new', 1, 1, 'both', 0, 0, 0, 0, '2017-03-28 14:54:04', '2017-03-28 14:55:25', 0, 3, 1),
(170, 0, 0, 17, 1, 2, 0, 0, '', '', '', '0.000000', 0, 1, '2.436975', '0.000000', '', '0.000000', '0.00', '222,', '', '', '0.000000', '0.000000', '0.000000', '0.000000', 2, 0, 0, 0, 0, 1, '404', 0, 1, '0000-00-00', 0, 'new', 1, 1, 'both', 0, 0, 0, 0, '2017-03-28 14:56:29', '2017-03-28 15:01:38', 0, 3, 1),
(171, 0, 0, 17, 1, 2, 0, 0, '', '', '', '0.000000', 0, 1, '1.596639', '0.000000', '', '0.000000', '0.00', '221,', '', '', '0.000000', '0.000000', '0.000000', '0.000000', 2, 0, 0, 0, 0, 1, '404', 0, 1, '0000-00-00', 0, 'new', 1, 1, 'both', 0, 0, 0, 0, '2017-03-28 14:56:33', '2017-03-28 15:01:36', 0, 3, 1),
(172, 0, 0, 17, 1, 2, 0, 0, '', '', '', '0.000000', 0, 1, '1.596639', '0.000000', '', '0.000000', '0.00', '222,', '', '', '0.000000', '0.000000', '0.000000', '0.000000', 2, 0, 0, 0, 0, 1, '404', 0, 1, '0000-00-00', 0, 'new', 1, 1, 'both', 0, 0, 0, 0, '2017-03-28 14:59:36', '2017-03-28 15:04:48', 0, 3, 1),
(173, 0, 0, 17, 1, 2, 0, 0, '', '', '', '0.000000', 0, 1, '2.436975', '0.000000', '', '0.000000', '0.00', '221,', '', '', '0.000000', '0.000000', '0.000000', '0.000000', 2, 0, 0, 0, 0, 1, '404', 0, 1, '0000-00-00', 0, 'new', 1, 1, 'both', 0, 0, 0, 0, '2017-03-28 14:59:38', '2017-03-28 15:04:49', 0, 3, 1),
(174, 0, 0, 17, 1, 2, 0, 0, '', '', '', '0.000000', 0, 1, '2.352941', '0.000000', '', '0.000000', '0.00', '223,', '', '', '0.000000', '0.000000', '0.000000', '0.000000', 2, 0, 0, 0, 0, 1, '404', 0, 1, '0000-00-00', 0, 'new', 1, 1, 'both', 0, 0, 0, 0, '2017-03-28 15:05:34', '2017-03-28 15:07:59', 0, 3, 1),
(175, 0, 0, 17, 1, 2, 0, 0, '', '', '', '0.000000', 0, 1, '1.512605', '0.000000', '', '0.000000', '0.00', '223,', '', '', '0.000000', '0.000000', '0.000000', '0.000000', 2, 0, 0, 0, 0, 1, '404', 0, 1, '0000-00-00', 0, 'new', 1, 1, 'both', 0, 0, 0, 0, '2017-03-28 15:05:36', '2017-03-28 15:06:49', 0, 3, 1),
(176, 0, 0, 17, 1, 2, 0, 0, '', '', '', '0.000000', 0, 1, '1.680672', '0.000000', '', '0.000000', '0.00', '224,', '', '', '0.000000', '0.000000', '0.000000', '0.000000', 2, 0, 0, 0, 0, 1, '404', 0, 1, '0000-00-00', 0, 'new', 1, 1, 'both', 0, 0, 0, 0, '2017-03-28 15:07:51', '2017-03-28 15:15:25', 0, 3, 1),
(177, 0, 0, 17, 1, 2, 0, 0, '', '', '', '0.000000', 0, 1, '4.117647', '0.000000', '', '0.000000', '0.00', '226,', '', '', '0.000000', '0.000000', '0.000000', '0.000000', 2, 0, 0, 0, 0, 1, '404', 0, 1, '0000-00-00', 0, 'new', 1, 1, 'both', 0, 0, 0, 0, '2017-03-28 15:10:02', '2017-03-28 15:13:40', 0, 3, 1),
(178, 0, 0, 17, 1, 2, 0, 0, '', '', '', '0.000000', 0, 1, '1.344538', '0.000000', '', '0.000000', '0.00', '225,', '', '', '0.000000', '0.000000', '0.000000', '0.000000', 2, 0, 0, 0, 0, 1, '404', 0, 1, '0000-00-00', 0, 'new', 1, 1, 'both', 0, 0, 0, 0, '2017-03-28 15:10:05', '2017-03-28 15:13:07', 0, 3, 1),
(179, 0, 0, 36, 1, 2, 0, 0, '', '', '', '0.000000', 0, 1, '1.680672', '0.000000', '', '0.000000', '0.00', '201,', '', '', '0.000000', '0.000000', '0.000000', '0.000000', 2, 0, 0, 0, 0, 1, '404', 0, 1, '0000-00-00', 0, 'new', 1, 1, 'both', 0, 0, 0, 0, '2017-03-28 15:14:13', '2017-03-28 15:21:05', 0, 3, 1),
(180, 0, 0, 36, 1, 2, 0, 0, '', '', '', '0.000000', 0, 1, '3.277311', '0.000000', '', '0.000000', '0.00', '200,', '', '', '0.000000', '0.000000', '0.000000', '0.000000', 2, 0, 0, 0, 0, 1, '404', 0, 1, '0000-00-00', 0, 'new', 1, 1, 'both', 0, 0, 0, 0, '2017-03-28 15:14:17', '2017-03-28 15:19:52', 0, 3, 1),
(181, 0, 0, 36, 1, 2, 0, 0, '', '', '', '0.000000', 0, 1, '2.436975', '0.000000', '', '0.000000', '0.00', '203,', '', '', '0.000000', '0.000000', '0.000000', '0.000000', 2, 0, 0, 0, 0, 1, '404', 0, 1, '0000-00-00', 0, 'new', 1, 1, 'both', 0, 0, 0, 0, '2017-03-28 15:20:34', '2017-03-28 15:23:03', 0, 3, 1),
(182, 0, 0, 36, 1, 2, 0, 0, '', '', '', '0.000000', 0, 1, '1.680672', '0.000000', '', '0.000000', '0.00', '202,', '', '', '0.000000', '0.000000', '0.000000', '0.000000', 2, 0, 0, 0, 0, 1, '404', 0, 1, '0000-00-00', 0, 'new', 1, 1, 'both', 0, 0, 0, 0, '2017-03-28 15:20:36', '2017-03-28 15:22:55', 0, 3, 1),
(183, 0, 0, 36, 1, 2, 0, 0, '', '', '', '0.000000', 0, 1, '3.781513', '0.000000', '', '0.000000', '0.00', '205,', '', '', '0.000000', '0.000000', '0.000000', '0.000000', 2, 0, 0, 0, 0, 1, '404', 0, 1, '0000-00-00', 0, 'new', 1, 1, 'both', 0, 0, 0, 0, '2017-03-28 15:23:06', '2017-03-28 16:34:08', 0, 3, 1),
(184, 0, 0, 36, 1, 2, 0, 0, '', '', '', '0.000000', 0, 1, '3.949580', '0.000000', '', '0.000000', '0.00', '204,', '', '', '0.000000', '0.000000', '0.000000', '0.000000', 2, 0, 0, 0, 0, 1, '404', 0, 1, '0000-00-00', 0, 'new', 1, 1, 'both', 0, 0, 0, 0, '2017-03-28 15:23:08', '2017-03-28 15:25:28', 0, 3, 1),
(187, 0, 0, 37, 1, 2, 0, 0, '', '', '', '0.000000', 0, 1, '2.352941', '0.000000', '', '0.000000', '0.00', '272,', '', '', '0.000000', '0.000000', '0.000000', '0.000000', 2, 0, 0, 0, 0, 1, '404', 0, 1, '0000-00-00', 0, 'new', 1, 1, 'both', 0, 0, 0, 0, '2017-03-28 16:36:00', '2017-03-28 16:41:54', 0, 3, 1),
(188, 0, 0, 37, 1, 2, 0, 0, '', '', '', '0.000000', 0, 1, '1.596639', '0.000000', '', '0.000000', '0.00', '271,', '', '', '0.000000', '0.000000', '0.000000', '0.000000', 2, 0, 0, 0, 0, 1, '404', 0, 1, '0000-00-00', 0, 'new', 1, 1, 'both', 0, 0, 0, 0, '2017-03-28 16:36:00', '2017-03-28 16:39:26', 0, 3, 1),
(189, 0, 0, 38, 1, 2, 0, 0, '', '', '', '0.000000', 0, 1, '1.596639', '0.000000', '', '0.000000', '0.00', '266,', '', '', '0.000000', '0.000000', '0.000000', '0.000000', 2, 0, 0, 0, 0, 1, '404', 0, 1, '0000-00-00', 0, 'new', 1, 1, 'both', 0, 0, 0, 0, '2017-03-28 16:43:14', '2017-03-28 16:47:15', 0, 3, 1);
INSERT IGNORE INTO `ps_product` (`id_product`, `id_supplier`, `id_manufacturer`, `id_category_default`, `id_shop_default`, `id_tax_rules_group`, `on_sale`, `online_only`, `ean13`, `isbn`, `upc`, `ecotax`, `quantity`, `minimal_quantity`, `price`, `wholesale_price`, `unity`, `unit_price_ratio`, `additional_shipping_cost`, `reference`, `supplier_reference`, `location`, `width`, `height`, `depth`, `weight`, `out_of_stock`, `quantity_discount`, `customizable`, `uploadable_files`, `text_fields`, `active`, `redirect_type`, `id_product_redirected`, `available_for_order`, `available_date`, `show_condition`, `condition`, `show_price`, `indexed`, `visibility`, `cache_is_pack`, `cache_has_attachments`, `is_virtual`, `cache_default_attribute`, `date_add`, `date_upd`, `advanced_stock_management`, `pack_stock_type`, `state`) VALUES
(190, 0, 0, 38, 1, 2, 0, 0, '', '', '', '0.000000', 0, 1, '1.932773', '0.000000', '', '0.000000', '0.00', '264,', '', '', '0.000000', '0.000000', '0.000000', '0.000000', 2, 0, 0, 0, 0, 1, '404', 0, 1, '0000-00-00', 0, 'new', 1, 1, 'both', 0, 0, 0, 0, '2017-03-28 16:43:17', '2017-03-28 16:45:29', 0, 3, 1),
(191, 0, 0, 38, 1, 2, 0, 0, '', '', '', '0.000000', 0, 1, '2.352941', '0.000000', '', '0.000000', '0.00', '265,', '', '', '0.000000', '0.000000', '0.000000', '0.000000', 2, 0, 0, 0, 0, 1, '404', 0, 1, '0000-00-00', 0, 'new', 1, 1, 'both', 0, 0, 0, 0, '2017-03-28 16:43:17', '2017-03-28 16:47:03', 0, 3, 1),
(192, 0, 0, 38, 1, 2, 0, 0, '', '', '', '0.000000', 0, 1, '1.596639', '0.000000', '', '0.000000', '0.00', '268,', '', '', '0.000000', '0.000000', '0.000000', '0.000000', 2, 0, 0, 0, 0, 1, '404', 0, 1, '0000-00-00', 0, 'new', 1, 1, 'both', 0, 0, 0, 0, '2017-03-28 16:47:18', '2017-03-28 16:50:50', 0, 3, 1),
(193, 0, 0, 38, 1, 2, 0, 0, '', '', '', '0.000000', 0, 1, '2.352941', '0.000000', '', '0.000000', '0.00', '267,', '', '', '0.000000', '0.000000', '0.000000', '0.000000', 2, 0, 0, 0, 0, 1, '404', 0, 1, '0000-00-00', 0, 'new', 1, 1, 'both', 0, 0, 0, 0, '2017-03-28 16:47:20', '2017-03-28 16:49:01', 0, 3, 1),
(194, 0, 0, 38, 1, 2, 0, 0, '', '', '', '0.000000', 0, 1, '1.932773', '0.000000', '', '0.000000', '0.00', '269,', '', '', '0.000000', '0.000000', '0.000000', '0.000000', 2, 0, 0, 0, 0, 1, '404', 0, 1, '0000-00-00', 0, 'new', 1, 1, 'both', 0, 0, 0, 0, '2017-03-28 16:47:37', '2017-03-28 16:51:06', 0, 3, 1),
(195, 0, 0, 39, 1, 2, 0, 0, '', '', '', '0.000000', 0, 1, '2.100840', '0.000000', '', '0.000000', '0.00', '276,', '', '', '0.000000', '0.000000', '0.000000', '0.000000', 2, 0, 0, 0, 0, 1, '404', 0, 1, '0000-00-00', 0, 'new', 1, 1, 'both', 0, 0, 0, 0, '2017-03-28 16:53:08', '2017-03-28 17:02:55', 0, 3, 1),
(196, 0, 0, 39, 1, 2, 0, 0, '', '', '', '0.000000', 0, 1, '2.100840', '0.000000', '', '0.000000', '0.00', '275,', '', '', '0.000000', '0.000000', '0.000000', '0.000000', 2, 0, 0, 0, 0, 1, '404', 0, 1, '0000-00-00', 0, 'new', 1, 1, 'both', 0, 0, 0, 0, '2017-03-28 16:53:10', '2017-03-28 16:59:40', 0, 3, 1),
(198, 0, 0, 40, 1, 2, 0, 0, '', '', '', '0.000000', 0, 1, '2.100840', '0.000000', '', '0.000000', '0.00', '277,', '', '', '0.000000', '0.000000', '0.000000', '0.000000', 2, 0, 0, 0, 0, 1, '404', 0, 1, '0000-00-00', 0, 'new', 1, 1, 'both', 0, 0, 0, 0, '2017-03-28 16:56:21', '2017-03-28 17:05:10', 0, 3, 1),
(199, 0, 0, 39, 1, 2, 0, 0, '', '', '', '0.000000', 0, 1, '2.100840', '0.000000', '', '0.000000', '0.00', '280,', '', '', '0.000000', '0.000000', '0.000000', '0.000000', 2, 0, 0, 0, 0, 1, '404', 0, 1, '0000-00-00', 0, 'new', 1, 1, 'both', 0, 0, 0, 0, '2017-03-28 17:05:26', '2017-03-28 17:10:03', 0, 3, 1),
(200, 0, 0, 39, 1, 2, 0, 0, '', '', '', '0.000000', 0, 1, '1.680672', '0.000000', '', '0.000000', '0.00', '279,', '', '', '0.000000', '0.000000', '0.000000', '0.000000', 2, 0, 0, 0, 0, 1, '404', 0, 1, '0000-00-00', 0, 'new', 1, 1, 'both', 0, 0, 0, 0, '2017-03-28 17:05:28', '2017-03-28 17:09:00', 0, 3, 1),
(201, 0, 0, 39, 1, 2, 0, 0, '', '', '', '0.000000', 0, 1, '2.100840', '0.000000', '', '0.000000', '0.00', '278,', '', '', '0.000000', '0.000000', '0.000000', '0.000000', 2, 0, 0, 0, 0, 1, '404', 0, 1, '0000-00-00', 0, 'new', 1, 1, 'both', 0, 0, 0, 0, '2017-03-28 17:05:29', '2017-03-28 17:08:36', 0, 3, 1),
(202, 0, 0, 40, 1, 2, 0, 0, '', '', '', '0.000000', 0, 1, '10.840336', '0.000000', '', '0.000000', '0.00', '287,', '', '', '0.000000', '0.000000', '0.000000', '0.000000', 2, 0, 0, 0, 0, 1, '404', 0, 1, '0000-00-00', 0, 'new', 1, 1, 'both', 0, 0, 0, 0, '2017-03-28 17:12:01', '2017-03-28 17:16:25', 0, 3, 1),
(203, 0, 0, 40, 1, 2, 0, 0, '', '', '', '0.000000', 0, 1, '12.184874', '0.000000', '', '0.000000', '0.00', '286,', '', '', '0.000000', '0.000000', '0.000000', '0.000000', 2, 0, 0, 0, 0, 1, '404', 0, 1, '0000-00-00', 0, 'new', 1, 1, 'both', 0, 0, 0, 0, '2017-03-28 17:12:03', '2017-03-28 17:16:07', 0, 3, 1),
(204, 0, 0, 40, 1, 2, 0, 0, '', '', '', '0.000000', 0, 1, '13.361345', '0.000000', '', '0.000000', '0.00', '285,', '', '', '0.000000', '0.000000', '0.000000', '0.000000', 2, 0, 0, 0, 0, 1, '404', 0, 1, '0000-00-00', 0, 'new', 1, 1, 'both', 0, 0, 0, 0, '2017-03-28 17:12:04', '2017-03-28 17:15:30', 0, 3, 1),
(205, 0, 0, 40, 1, 2, 0, 0, '', '', '', '0.000000', 0, 1, '10.840336', '0.000000', '', '0.000000', '0.00', '290,', '', '', '0.000000', '0.000000', '0.000000', '0.000000', 2, 0, 0, 0, 0, 1, '404', 0, 1, '0000-00-00', 0, 'new', 1, 1, 'both', 0, 0, 0, 0, '2017-03-28 17:16:33', '2017-03-28 17:22:34', 0, 3, 1),
(206, 0, 0, 40, 1, 2, 0, 0, '', '', '', '0.000000', 0, 1, '10.840336', '0.000000', '', '0.000000', '0.00', '289,', '', '', '0.000000', '0.000000', '0.000000', '0.000000', 2, 0, 0, 0, 0, 1, '404', 0, 1, '0000-00-00', 0, 'new', 1, 1, 'both', 0, 0, 0, 0, '2017-03-28 17:16:35', '2017-03-28 17:21:38', 0, 3, 1),
(207, 0, 0, 40, 1, 2, 0, 0, '', '', '', '0.000000', 0, 1, '13.361345', '0.000000', '', '0.000000', '0.00', '288,', '', '', '0.000000', '0.000000', '0.000000', '0.000000', 2, 0, 0, 0, 0, 1, '404', 0, 1, '0000-00-00', 0, 'new', 1, 1, 'both', 0, 0, 0, 0, '2017-03-28 17:16:35', '2017-03-28 17:20:33', 0, 3, 1),
(208, 0, 0, 40, 1, 2, 0, 0, '', '', '', '0.000000', 0, 1, '10.924370', '0.000000', '', '0.000000', '0.00', '293,', '', '', '0.000000', '0.000000', '0.000000', '0.000000', 2, 0, 0, 0, 0, 1, '404', 0, 1, '0000-00-00', 0, 'new', 1, 1, 'both', 0, 0, 0, 0, '2017-03-28 17:23:28', '2017-03-28 17:28:09', 0, 3, 1),
(209, 0, 0, 40, 1, 2, 0, 0, '', '', '', '0.000000', 0, 1, '12.184874', '0.000000', '', '0.000000', '0.00', '292,', '', '', '0.000000', '0.000000', '0.000000', '0.000000', 2, 0, 0, 0, 0, 1, '404', 0, 1, '0000-00-00', 0, 'new', 1, 1, 'both', 0, 0, 0, 0, '2017-03-28 17:23:30', '2017-03-28 17:27:48', 0, 3, 1),
(210, 0, 0, 40, 1, 2, 0, 0, '', '', '', '0.000000', 0, 1, '13.361345', '0.000000', '', '0.000000', '0.00', '291,', '', '', '0.000000', '0.000000', '0.000000', '0.000000', 2, 0, 0, 0, 0, 1, '404', 0, 1, '0000-00-00', 0, 'new', 1, 1, 'both', 0, 0, 0, 0, '2017-03-28 17:23:32', '2017-03-28 17:26:34', 0, 3, 1),
(211, 0, 0, 41, 1, 2, 0, 0, '', '', '', '0.000000', 0, 1, '7.142857', '0.000000', '', '0.000000', '0.00', '315,', '', '', '0.000000', '0.000000', '0.000000', '0.000000', 2, 0, 0, 0, 0, 1, '404', 0, 1, '0000-00-00', 0, 'new', 1, 1, 'both', 0, 0, 0, 0, '2017-03-28 17:32:24', '2017-03-28 17:35:27', 0, 3, 1),
(212, 0, 0, 41, 1, 2, 0, 0, '', '', '', '0.000000', 0, 1, '3.781513', '0.000000', '', '0.000000', '0.00', '315,', '', '', '0.000000', '0.000000', '0.000000', '0.000000', 2, 0, 0, 0, 0, 1, '404', 0, 1, '0000-00-00', 0, 'new', 1, 1, 'both', 0, 0, 0, 0, '2017-03-28 17:32:26', '2017-03-28 17:34:48', 0, 3, 1),
(213, 0, 0, 42, 1, 2, 0, 0, '', '', '', '0.000000', 0, 1, '12.184874', '0.000000', '', '0.000000', '0.00', '286,', '', '', '0.000000', '0.000000', '0.000000', '0.000000', 2, 0, 0, 0, 0, 1, '404', 0, 1, '0000-00-00', 0, 'new', 1, 1, 'both', 0, 0, 0, 0, '2017-03-28 17:35:36', '2017-03-28 17:58:51', 0, 3, 1),
(214, 0, 0, 42, 1, 2, 0, 0, '', '', '', '0.000000', 0, 1, '13.361345', '0.000000', '', '0.000000', '0.00', '285,', '', '', '0.000000', '0.000000', '0.000000', '0.000000', 2, 0, 0, 0, 0, 1, '404', 0, 1, '0000-00-00', 0, 'new', 1, 1, 'both', 0, 0, 0, 0, '2017-03-28 17:35:38', '2017-03-28 17:58:50', 0, 3, 1),
(218, 0, 0, 42, 1, 2, 0, 0, '', '', '', '0.000000', 0, 1, '10.840336', '0.000000', '', '0.000000', '0.00', '289,', '', '', '0.000000', '0.000000', '0.000000', '0.000000', 2, 0, 0, 0, 0, 1, '404', 0, 1, '0000-00-00', 0, 'new', 1, 1, 'both', 0, 0, 0, 0, '2017-03-28 18:00:25', '2017-03-28 18:04:45', 0, 3, 1),
(219, 0, 0, 42, 1, 2, 0, 0, '', '', '', '0.000000', 0, 1, '13.361345', '0.000000', '', '0.000000', '0.00', '288,', '', '', '0.000000', '0.000000', '0.000000', '0.000000', 2, 0, 0, 0, 0, 1, '404', 0, 1, '0000-00-00', 0, 'new', 1, 1, 'both', 0, 0, 0, 0, '2017-03-28 18:00:26', '2017-03-28 18:03:47', 0, 3, 1),
(220, 0, 0, 42, 1, 2, 0, 0, '', '', '', '0.000000', 0, 1, '10.840336', '0.000000', '', '0.000000', '0.00', '287,', '', '', '0.000000', '0.000000', '0.000000', '0.000000', 2, 0, 0, 0, 0, 1, '404', 0, 1, '0000-00-00', 0, 'new', 1, 1, 'both', 0, 0, 0, 0, '2017-03-28 18:00:28', '2017-03-28 18:02:38', 0, 3, 1),
(222, 0, 0, 42, 1, 2, 0, 0, '', '', '', '0.000000', 0, 1, '8.823529', '0.000000', '', '0.000000', '0.00', '310,', '', '', '0.000000', '0.000000', '0.000000', '0.000000', 2, 0, 0, 0, 0, 1, '404', 0, 1, '0000-00-00', 0, 'new', 1, 1, 'both', 0, 0, 0, 0, '2017-03-28 18:05:26', '2017-03-28 18:10:05', 0, 3, 1),
(223, 0, 0, 42, 1, 2, 0, 0, '', '', '', '0.000000', 0, 1, '4.621849', '0.000000', '', '0.000000', '0.00', '310,', '', '', '0.000000', '0.000000', '0.000000', '0.000000', 2, 0, 0, 0, 0, 1, '404', 0, 1, '0000-00-00', 0, 'new', 1, 1, 'both', 0, 0, 0, 0, '2017-03-28 18:05:28', '2017-03-28 18:08:11', 0, 3, 1),
(224, 0, 0, 42, 1, 2, 0, 0, '', '', '', '0.000000', 0, 1, '7.563025', '0.000000', '', '0.000000', '0.00', '311,', '', '', '0.000000', '0.000000', '0.000000', '0.000000', 2, 0, 0, 0, 0, 1, '404', 0, 1, '0000-00-00', 0, 'new', 1, 1, 'both', 0, 0, 0, 0, '2017-03-28 18:10:09', '2017-03-28 18:14:07', 0, 3, 1),
(225, 0, 0, 42, 1, 2, 0, 0, '', '', '', '0.000000', 0, 1, '3.949580', '0.000000', '', '0.000000', '0.00', '311,', '', '', '0.000000', '0.000000', '0.000000', '0.000000', 2, 0, 0, 0, 0, 1, '404', 0, 1, '0000-00-00', 0, 'new', 1, 1, 'both', 0, 0, 0, 0, '2017-03-28 18:10:10', '2017-03-28 18:12:21', 0, 3, 1),
(226, 0, 0, 42, 1, 2, 0, 0, '', '', '', '0.000000', 0, 1, '7.983193', '0.000000', '', '0.000000', '0.00', '312,', '', '', '0.000000', '0.000000', '0.000000', '0.000000', 2, 0, 0, 0, 0, 1, '404', 0, 1, '0000-00-00', 0, 'new', 1, 1, 'both', 0, 0, 0, 0, '2017-03-28 18:14:17', '2017-03-28 18:16:16', 0, 3, 1),
(227, 0, 0, 42, 1, 2, 0, 0, '', '', '', '0.000000', 0, 1, '4.117647', '0.000000', '', '0.000000', '0.00', '312,', '', '', '0.000000', '0.000000', '0.000000', '0.000000', 2, 0, 0, 0, 0, 1, '404', 0, 1, '0000-00-00', 0, 'new', 1, 1, 'both', 0, 0, 0, 0, '2017-03-28 18:14:18', '2017-03-28 18:15:37', 0, 3, 1),
(228, 0, 0, 42, 1, 2, 0, 0, '', '', '', '0.000000', 0, 1, '7.142857', '0.000000', '', '0.000000', '0.00', '313,', '', '', '0.000000', '0.000000', '0.000000', '0.000000', 2, 0, 0, 0, 0, 1, '404', 0, 1, '0000-00-00', 0, 'new', 1, 1, 'both', 0, 0, 0, 0, '2017-03-28 18:16:20', '2017-03-28 18:19:26', 0, 3, 1),
(229, 0, 0, 42, 1, 2, 0, 0, '', '', '', '0.000000', 0, 1, '3.781513', '0.000000', '', '0.000000', '0.00', '313,', '', '', '0.000000', '0.000000', '0.000000', '0.000000', 2, 0, 0, 0, 0, 1, '404', 0, 1, '0000-00-00', 0, 'new', 1, 1, 'both', 0, 0, 0, 0, '2017-03-28 18:16:22', '2017-03-28 18:17:53', 0, 3, 1),
(230, 0, 0, 42, 1, 2, 0, 0, '', '', '', '0.000000', 0, 1, '7.142857', '0.000000', '', '0.000000', '0.00', '314,', '', '', '0.000000', '0.000000', '0.000000', '0.000000', 2, 0, 0, 0, 0, 1, '404', 0, 1, '0000-00-00', 0, 'new', 1, 1, 'both', 0, 0, 0, 0, '2017-03-28 18:19:59', '2017-03-28 18:22:07', 0, 3, 1),
(231, 0, 0, 42, 1, 2, 0, 0, '', '', '', '0.000000', 0, 1, '3.781513', '0.000000', '', '0.000000', '0.00', '314,', '', '', '0.000000', '0.000000', '0.000000', '0.000000', 2, 0, 0, 0, 0, 1, '404', 0, 1, '0000-00-00', 0, 'new', 1, 1, 'both', 0, 0, 0, 0, '2017-03-28 18:20:01', '2017-03-28 18:21:33', 0, 3, 1),
(232, 0, 0, 43, 1, 2, 0, 0, '', '', '', '0.000000', 0, 1, '10.924370', '0.000000', '', '0.000000', '0.00', '293,', '', '', '0.000000', '0.000000', '0.000000', '0.000000', 2, 0, 0, 0, 0, 1, '404', 0, 1, '0000-00-00', 0, 'new', 1, 1, 'both', 0, 0, 0, 0, '2017-03-28 18:23:20', '2017-03-28 18:31:23', 0, 3, 1),
(233, 0, 0, 43, 1, 2, 0, 0, '', '', '', '0.000000', 0, 1, '12.184874', '0.000000', '', '0.000000', '0.00', '292,', '', '', '0.000000', '0.000000', '0.000000', '0.000000', 2, 0, 0, 0, 0, 1, '404', 0, 1, '0000-00-00', 0, 'new', 1, 1, 'both', 0, 0, 0, 0, '2017-03-28 18:23:22', '2017-03-28 18:31:09', 0, 3, 1),
(236, 0, 0, 43, 1, 2, 0, 0, '', '', '', '0.000000', 0, 1, '13.361345', '0.000000', '', '0.000000', '0.00', '291,', '', '', '0.000000', '0.000000', '0.000000', '0.000000', 2, 0, 0, 0, 0, 1, '404', 0, 1, '0000-00-00', 0, 'new', 1, 1, 'both', 0, 0, 0, 0, '2017-03-28 18:28:08', '2017-03-28 18:36:53', 0, 3, 1),
(238, 0, 0, 43, 1, 2, 0, 0, '', '', '', '0.000000', 0, 1, '7.142857', '0.000000', '', '0.000000', '0.00', '300,', '', '', '0.000000', '0.000000', '0.000000', '0.000000', 2, 0, 0, 0, 0, 1, '404', 0, 1, '0000-00-00', 0, 'new', 1, 1, 'both', 0, 0, 0, 0, '2017-03-28 18:39:15', '2017-03-28 18:43:05', 0, 3, 1),
(239, 0, 0, 43, 1, 2, 0, 0, '', '', '', '0.000000', 0, 1, '3.781513', '0.000000', '', '0.000000', '0.00', '300,', '', '', '0.000000', '0.000000', '0.000000', '0.000000', 2, 0, 0, 0, 0, 1, '404', 0, 1, '0000-00-00', 0, 'new', 1, 1, 'both', 0, 0, 0, 0, '2017-03-28 18:39:15', '2017-03-28 18:42:07', 0, 3, 1),
(240, 0, 0, 43, 1, 2, 0, 0, '', '', '', '0.000000', 0, 1, '4.117647', '0.000000', '', '0.000000', '0.00', '301,', '', '', '0.000000', '0.000000', '0.000000', '0.000000', 2, 0, 0, 0, 0, 1, '404', 0, 1, '0000-00-00', 0, 'new', 1, 1, 'both', 0, 0, 0, 0, '2017-03-28 18:43:10', '2017-03-28 18:44:33', 0, 3, 1),
(241, 0, 0, 43, 1, 2, 0, 0, '', '', '', '0.000000', 0, 1, '7.983193', '0.000000', '', '0.000000', '0.00', '301,', '', '', '0.000000', '0.000000', '0.000000', '0.000000', 2, 0, 0, 0, 0, 1, '404', 0, 1, '0000-00-00', 0, 'new', 1, 1, 'both', 0, 0, 0, 0, '2017-03-28 18:43:24', '2017-03-28 18:46:05', 0, 3, 1),
(242, 0, 0, 43, 1, 2, 0, 0, '', '', '', '0.000000', 0, 1, '8.823529', '0.000000', '', '0.000000', '0.00', '303,', '', '', '0.000000', '0.000000', '0.000000', '0.000000', 2, 0, 0, 0, 0, 1, '404', 0, 1, '0000-00-00', 0, 'new', 1, 1, 'both', 0, 0, 0, 0, '2017-03-28 18:46:22', '2017-03-28 18:51:20', 0, 3, 1),
(243, 0, 0, 43, 1, 2, 0, 0, '', '', '', '0.000000', 0, 1, '4.621849', '0.000000', '', '0.000000', '0.00', '303,', '', '', '0.000000', '0.000000', '0.000000', '0.000000', 2, 0, 0, 0, 0, 1, '404', 0, 1, '0000-00-00', 0, 'new', 1, 1, 'both', 0, 0, 0, 0, '2017-03-28 18:46:23', '2017-03-28 18:51:05', 0, 3, 1),
(244, 0, 0, 44, 1, 2, 0, 0, '', '', '', '0.000000', 0, 1, '2.773109', '0.000000', '', '0.000000', '0.00', '350,', '', '', '0.000000', '0.000000', '0.000000', '0.000000', 2, 0, 0, 0, 0, 1, '404', 0, 1, '0000-00-00', 0, 'new', 1, 1, 'both', 0, 0, 0, 0, '2017-03-29 17:57:04', '2017-03-29 17:59:33', 0, 3, 1),
(245, 0, 0, 44, 1, 2, 0, 0, '', '', '', '0.000000', 0, 1, '1.932773', '0.000000', '', '0.000000', '0.00', '350,', '', '', '0.000000', '0.000000', '0.000000', '0.000000', 2, 0, 0, 0, 0, 1, '404', 0, 1, '0000-00-00', 0, 'new', 1, 1, 'both', 0, 0, 0, 0, '2017-03-29 17:57:08', '2017-03-29 18:00:17', 0, 3, 1),
(246, 0, 0, 44, 1, 2, 0, 0, '', '', '', '0.000000', 0, 1, '2.773109', '0.000000', '', '0.000000', '0.00', '351,', '', '', '0.000000', '0.000000', '0.000000', '0.000000', 2, 0, 0, 0, 0, 1, '404', 0, 1, '0000-00-00', 0, 'new', 1, 1, 'both', 0, 0, 0, 0, '2017-03-29 18:00:40', '2017-03-29 18:03:04', 0, 3, 1),
(247, 0, 0, 44, 1, 2, 0, 0, '', '', '', '0.000000', 0, 1, '1.932773', '0.000000', '', '0.000000', '0.00', '351,', '', '', '0.000000', '0.000000', '0.000000', '0.000000', 2, 0, 0, 0, 0, 1, '404', 0, 1, '0000-00-00', 0, 'new', 1, 1, 'both', 0, 0, 0, 0, '2017-03-29 18:00:43', '2017-03-29 18:02:20', 0, 3, 1),
(248, 0, 0, 44, 1, 2, 0, 0, '', '', '', '0.000000', 0, 1, '2.773109', '0.000000', '', '0.000000', '0.00', '352,', '', '', '0.000000', '0.000000', '0.000000', '0.000000', 2, 0, 0, 0, 0, 1, '404', 0, 1, '0000-00-00', 0, 'new', 1, 1, 'both', 0, 0, 0, 0, '2017-03-29 18:03:09', '2017-03-29 18:05:32', 0, 3, 1),
(249, 0, 0, 44, 1, 2, 0, 0, '', '', '', '0.000000', 0, 1, '1.932773', '0.000000', '', '0.000000', '0.00', '352,', '', '', '0.000000', '0.000000', '0.000000', '0.000000', 2, 0, 0, 0, 0, 1, '404', 0, 1, '0000-00-00', 0, 'new', 1, 1, 'both', 0, 0, 0, 0, '2017-03-29 18:03:11', '2017-03-29 18:05:11', 0, 3, 1),
(250, 0, 0, 44, 1, 2, 0, 0, '', '', '', '0.000000', 0, 1, '2.521008', '0.000000', '', '0.000000', '0.00', '353,', '', '', '0.000000', '0.000000', '0.000000', '0.000000', 2, 0, 0, 0, 0, 1, '404', 0, 1, '0000-00-00', 0, 'new', 1, 1, 'both', 0, 0, 0, 0, '2017-03-29 18:05:37', '2017-03-29 18:08:45', 0, 3, 1),
(251, 0, 0, 44, 1, 2, 0, 0, '', '', '', '0.000000', 0, 1, '1.680672', '0.000000', '', '0.000000', '0.00', '353,', '', '', '0.000000', '0.000000', '0.000000', '0.000000', 2, 0, 0, 0, 0, 1, '404', 0, 1, '0000-00-00', 0, 'new', 1, 1, 'both', 0, 0, 0, 0, '2017-03-29 18:05:39', '2017-03-29 18:08:00', 0, 3, 1),
(252, 0, 0, 44, 1, 2, 0, 0, '', '', '', '0.000000', 0, 1, '1.932773', '0.000000', '', '0.000000', '0.00', '354,', '', '', '0.000000', '0.000000', '0.000000', '0.000000', 2, 0, 0, 0, 0, 1, '404', 0, 1, '0000-00-00', 0, 'new', 1, 1, 'both', 0, 0, 0, 0, '2017-03-29 18:08:39', '2017-03-29 18:10:26', 0, 3, 1),
(254, 0, 0, 44, 1, 2, 0, 0, '', '', '', '0.000000', 0, 1, '2.773109', '0.000000', '', '0.000000', '0.00', '354,', '', '', '0.000000', '0.000000', '0.000000', '0.000000', 2, 0, 0, 0, 0, 1, '404', 0, 1, '0000-00-00', 0, 'new', 1, 1, 'both', 0, 0, 0, 0, '2017-03-29 18:08:57', '2017-03-29 18:10:35', 0, 3, 1),
(255, 0, 0, 44, 1, 2, 0, 0, '', '', '', '0.000000', 0, 1, '2.773109', '0.000000', '', '0.000000', '0.00', '355,', '', '', '0.000000', '0.000000', '0.000000', '0.000000', 2, 0, 0, 0, 0, 1, '404', 0, 1, '0000-00-00', 0, 'new', 1, 1, 'both', 0, 0, 0, 0, '2017-03-29 18:10:39', '2017-03-29 18:13:32', 0, 3, 1),
(256, 0, 0, 44, 1, 2, 0, 0, '', '', '', '0.000000', 0, 1, '1.932773', '0.000000', '', '0.000000', '0.00', '355,', '', '', '0.000000', '0.000000', '0.000000', '0.000000', 2, 0, 0, 0, 0, 1, '404', 0, 1, '0000-00-00', 0, 'new', 1, 1, 'both', 0, 0, 0, 0, '2017-03-29 18:10:41', '2017-03-29 18:13:12', 0, 3, 1),
(257, 0, 0, 45, 1, 2, 0, 0, '', '', '', '0.000000', 0, 1, '3.529412', '0.000000', '', '0.000000', '0.00', '208,', '', '', '0.000000', '0.000000', '0.000000', '0.000000', 2, 0, 0, 0, 0, 1, '404', 0, 1, '0000-00-00', 0, 'new', 1, 1, 'both', 0, 0, 0, 0, '2017-03-29 18:13:48', '2017-03-29 18:16:08', 0, 3, 1),
(258, 0, 0, 45, 1, 2, 0, 0, '', '', '', '0.000000', 0, 1, '2.941176', '0.000000', '', '0.000000', '0.00', '208,', '', '', '0.000000', '0.000000', '0.000000', '0.000000', 2, 0, 0, 0, 0, 1, '404', 0, 1, '0000-00-00', 0, 'new', 1, 1, 'both', 0, 0, 0, 0, '2017-03-29 18:13:50', '2017-03-29 18:15:28', 0, 3, 1),
(259, 0, 0, 45, 1, 2, 0, 0, '', '', '', '0.000000', 0, 1, '3.781513', '0.000000', '', '0.000000', '0.00', '209,', '', '', '0.000000', '0.000000', '0.000000', '0.000000', 2, 0, 0, 0, 0, 1, '404', 0, 1, '0000-00-00', 0, 'new', 1, 1, 'both', 0, 0, 0, 0, '2017-03-29 18:16:12', '2017-03-29 18:18:33', 0, 3, 1),
(260, 0, 0, 45, 1, 2, 0, 0, '', '', '', '0.000000', 0, 1, '3.025210', '0.000000', '', '0.000000', '0.00', '209,', '', '', '0.000000', '0.000000', '0.000000', '0.000000', 2, 0, 0, 0, 0, 1, '404', 0, 1, '0000-00-00', 0, 'new', 1, 1, 'both', 0, 0, 0, 0, '2017-03-29 18:16:14', '2017-03-29 18:17:49', 0, 3, 1),
(261, 0, 0, 45, 1, 2, 0, 0, '', '', '', '0.000000', 0, 1, '3.529412', '0.000000', '', '0.000000', '0.00', '210,', '', '', '0.000000', '0.000000', '0.000000', '0.000000', 2, 0, 0, 0, 0, 1, '404', 0, 1, '0000-00-00', 0, 'new', 1, 1, 'both', 0, 0, 0, 0, '2017-03-29 18:18:39', '2017-03-29 18:20:53', 0, 3, 1),
(262, 0, 0, 45, 1, 2, 0, 0, '', '', '', '0.000000', 0, 1, '2.941176', '0.000000', '', '0.000000', '0.00', '210,', '', '', '0.000000', '0.000000', '0.000000', '0.000000', 2, 0, 0, 0, 0, 1, '404', 0, 1, '0000-00-00', 0, 'new', 1, 1, 'both', 0, 0, 0, 0, '2017-03-29 18:18:40', '2017-03-29 18:20:47', 0, 3, 1),
(263, 0, 0, 45, 1, 2, 0, 0, '', '', '', '0.000000', 0, 1, '3.529412', '0.000000', '', '0.000000', '0.00', '211,', '', '', '0.000000', '0.000000', '0.000000', '0.000000', 2, 0, 0, 0, 0, 1, '404', 0, 1, '0000-00-00', 0, 'new', 1, 1, 'both', 0, 0, 0, 0, '2017-03-29 18:21:12', '2017-03-29 18:26:30', 0, 3, 1),
(264, 0, 0, 45, 1, 2, 0, 0, '', '', '', '0.000000', 0, 1, '2.941176', '0.000000', '', '0.000000', '0.00', '211,', '', '', '0.000000', '0.000000', '0.000000', '0.000000', 2, 0, 0, 0, 0, 1, '404', 0, 1, '0000-00-00', 0, 'new', 1, 1, 'both', 0, 0, 0, 0, '2017-03-29 18:21:14', '2017-03-29 18:25:34', 0, 3, 1),
(265, 0, 0, 45, 1, 2, 0, 0, '', '', '', '0.000000', 0, 1, '2.941176', '0.000000', '', '0.000000', '0.00', '212,', '', '', '0.000000', '0.000000', '0.000000', '0.000000', 2, 0, 0, 0, 0, 1, '404', 0, 1, '0000-00-00', 0, 'new', 1, 1, 'both', 0, 0, 0, 0, '2017-03-29 18:26:49', '2017-03-29 18:29:29', 0, 3, 1),
(266, 0, 0, 45, 1, 2, 0, 0, '', '', '', '0.000000', 0, 1, '2.436975', '0.000000', '', '0.000000', '0.00', '212,', '', '', '0.000000', '0.000000', '0.000000', '0.000000', 2, 0, 0, 0, 0, 1, '404', 0, 1, '0000-00-00', 0, 'new', 1, 1, 'both', 0, 0, 0, 0, '2017-03-29 18:26:51', '2017-03-29 18:28:19', 0, 3, 1),
(267, 0, 0, 45, 1, 2, 0, 0, '', '', '', '0.000000', 0, 1, '3.277311', '0.000000', '', '0.000000', '0.00', '213,', '', '', '0.000000', '0.000000', '0.000000', '0.000000', 2, 0, 0, 0, 0, 1, '404', 0, 1, '0000-00-00', 0, 'new', 1, 1, 'both', 0, 0, 0, 0, '2017-03-29 18:29:37', '2017-03-29 18:31:52', 0, 3, 1),
(268, 0, 0, 45, 1, 2, 0, 0, '', '', '', '0.000000', 0, 1, '2.689076', '0.000000', '', '0.000000', '0.00', '213,', '', '', '0.000000', '0.000000', '0.000000', '0.000000', 2, 0, 0, 0, 0, 1, '404', 0, 1, '0000-00-00', 0, 'new', 1, 1, 'both', 0, 0, 0, 0, '2017-03-29 18:29:39', '2017-03-29 18:31:38', 0, 3, 1),
(270, 0, 0, 45, 1, 2, 0, 0, '', '', '', '0.000000', 0, 1, '3.025210', '0.000000', '', '0.000000', '0.00', '214,', '', '', '0.000000', '0.000000', '0.000000', '0.000000', 2, 0, 0, 0, 0, 1, '404', 0, 1, '0000-00-00', 0, 'new', 1, 1, 'both', 0, 0, 0, 0, '2017-03-29 18:32:02', '2017-03-29 18:33:52', 0, 3, 1),
(271, 0, 0, 45, 1, 2, 0, 0, '', '', '', '0.000000', 0, 1, '3.781513', '0.000000', '', '0.000000', '0.00', '214,', '', '', '0.000000', '0.000000', '0.000000', '0.000000', 2, 0, 0, 0, 0, 1, '404', 0, 1, '0000-00-00', 0, 'new', 1, 1, 'both', 0, 0, 0, 0, '2017-03-29 18:32:21', '2017-03-29 18:37:12', 0, 3, 1),
(272, 0, 0, 46, 1, 2, 0, 0, '', '', '', '0.000000', 0, 1, '2.436975', '0.000000', '', '0.000000', '0.00', '380,', '', '', '0.000000', '0.000000', '0.000000', '0.000000', 2, 0, 0, 0, 0, 1, '404', 0, 1, '0000-00-00', 0, 'new', 1, 1, 'both', 0, 0, 0, 0, '2017-03-29 18:37:17', '2017-03-29 18:40:47', 0, 3, 1),
(273, 0, 0, 46, 1, 2, 0, 0, '', '', '', '0.000000', 0, 1, '1.596639', '0.000000', '', '0.000000', '0.00', '380,', '', '', '0.000000', '0.000000', '0.000000', '0.000000', 2, 0, 0, 0, 0, 1, '404', 0, 1, '0000-00-00', 0, 'new', 1, 1, 'both', 0, 0, 0, 0, '2017-03-29 18:37:18', '2017-03-29 18:40:44', 0, 3, 1),
(274, 0, 0, 46, 1, 2, 0, 0, '', '', '', '0.000000', 0, 1, '2.436975', '0.000000', '', '0.000000', '0.00', '381,', '', '', '0.000000', '0.000000', '0.000000', '0.000000', 2, 0, 0, 0, 0, 1, '404', 0, 1, '0000-00-00', 0, 'new', 1, 1, 'both', 0, 0, 0, 0, '2017-03-29 18:41:01', '2017-03-29 18:44:16', 0, 3, 1),
(275, 0, 0, 46, 1, 2, 0, 0, '', '', '', '0.000000', 0, 1, '1.596639', '0.000000', '', '0.000000', '0.00', '381,', '', '', '0.000000', '0.000000', '0.000000', '0.000000', 2, 0, 0, 0, 0, 1, '404', 0, 1, '0000-00-00', 0, 'new', 1, 1, 'both', 0, 0, 0, 0, '2017-03-29 18:41:03', '2017-03-29 18:43:09', 0, 3, 1),
(276, 0, 0, 46, 1, 2, 0, 0, '', '', '', '0.000000', 0, 1, '2.941176', '0.000000', '', '0.000000', '0.00', '382,', '', '', '0.000000', '0.000000', '0.000000', '0.000000', 2, 0, 0, 0, 0, 1, '404', 0, 1, '0000-00-00', 0, 'new', 1, 1, 'both', 0, 0, 0, 0, '2017-03-29 18:44:28', '2017-03-29 18:50:39', 0, 3, 1),
(277, 0, 0, 46, 1, 2, 0, 0, '', '', '', '0.000000', 0, 1, '2.100840', '0.000000', '', '0.000000', '0.00', '382,', '', '', '0.000000', '0.000000', '0.000000', '0.000000', 2, 0, 0, 0, 0, 1, '404', 0, 1, '0000-00-00', 0, 'new', 1, 1, 'both', 0, 0, 0, 0, '2017-03-29 18:44:30', '2017-03-29 18:46:00', 0, 3, 1),
(278, 0, 0, 46, 1, 2, 0, 0, '', '', '', '0.000000', 0, 1, '2.436975', '0.000000', '', '0.000000', '0.00', '383,', '', '', '0.000000', '0.000000', '0.000000', '0.000000', 2, 0, 0, 0, 0, 1, '404', 0, 1, '0000-00-00', 0, 'new', 1, 1, 'both', 0, 0, 0, 0, '2017-03-29 18:46:33', '2017-03-29 18:48:23', 0, 3, 1),
(279, 0, 0, 46, 1, 2, 0, 0, '', '', '', '0.000000', 0, 1, '1.596639', '0.000000', '', '0.000000', '0.00', '383,', '', '', '0.000000', '0.000000', '0.000000', '0.000000', 2, 0, 0, 0, 0, 1, '404', 0, 1, '0000-00-00', 0, 'new', 1, 1, 'both', 0, 0, 0, 0, '2017-03-29 18:46:35', '2017-03-29 18:48:19', 0, 3, 1),
(280, 0, 0, 47, 1, 2, 0, 0, '', '', '', '0.000000', 0, 1, '2.016807', '0.000000', '', '0.000000', '0.00', '240,', '', '', '0.000000', '0.000000', '0.000000', '0.000000', 2, 0, 0, 0, 0, 1, '404', 0, 1, '0000-00-00', 0, 'new', 1, 1, 'both', 0, 0, 0, 0, '2017-03-30 11:10:19', '2017-03-30 11:11:42', 0, 3, 1),
(281, 0, 0, 47, 1, 2, 0, 0, '', '', '', '0.000000', 0, 1, '3.025210', '0.000000', '', '0.000000', '0.00', '240,', '', '', '0.000000', '0.000000', '0.000000', '0.000000', 2, 0, 0, 0, 0, 1, '404', 0, 1, '0000-00-00', 0, 'new', 1, 1, 'both', 0, 0, 0, 0, '2017-03-30 11:10:21', '2017-03-30 11:12:06', 0, 3, 1),
(282, 0, 0, 47, 1, 2, 0, 0, '', '', '', '0.000000', 0, 1, '1.512605', '0.000000', '', '0.000000', '0.00', '241,', '', '', '0.000000', '0.000000', '0.000000', '0.000000', 2, 0, 0, 0, 0, 1, '404', 0, 1, '0000-00-00', 0, 'new', 1, 1, 'both', 0, 0, 0, 0, '2017-03-30 11:12:17', '2017-03-30 11:14:20', 0, 3, 1),
(283, 0, 0, 47, 1, 2, 0, 0, '', '', '', '0.000000', 0, 1, '2.689076', '0.000000', '', '0.000000', '0.00', '241,', '', '', '0.000000', '0.000000', '0.000000', '0.000000', 2, 0, 0, 0, 0, 1, '404', 0, 1, '0000-00-00', 0, 'new', 1, 1, 'both', 0, 0, 0, 0, '2017-03-30 11:12:28', '2017-03-30 11:14:22', 0, 3, 1),
(284, 0, 0, 47, 1, 2, 0, 0, '', '', '', '0.000000', 0, 1, '1.512605', '0.000000', '', '0.000000', '0.00', '242,', '', '', '0.000000', '0.000000', '0.000000', '0.000000', 2, 0, 0, 0, 0, 1, '404', 0, 1, '0000-00-00', 0, 'new', 1, 1, 'both', 0, 0, 0, 0, '2017-03-30 11:14:39', '2017-03-30 11:15:40', 0, 3, 1),
(285, 0, 0, 47, 1, 2, 0, 0, '', '', '', '0.000000', 0, 1, '2.689076', '0.000000', '', '0.000000', '0.00', '242,', '', '', '0.000000', '0.000000', '0.000000', '0.000000', 2, 0, 0, 0, 0, 1, '404', 0, 1, '0000-00-00', 0, 'new', 1, 1, 'both', 0, 0, 0, 0, '2017-03-30 11:15:37', '2017-03-30 11:16:37', 0, 3, 1),
(286, 0, 0, 47, 1, 2, 0, 0, '', '', '', '0.000000', 0, 1, '3.025210', '0.000000', '', '0.000000', '0.00', '243,', '', '', '0.000000', '0.000000', '0.000000', '0.000000', 2, 0, 0, 0, 0, 1, '404', 0, 1, '0000-00-00', 0, 'new', 1, 1, 'both', 0, 0, 0, 0, '2017-03-30 11:16:44', '2017-03-30 11:24:20', 0, 3, 1),
(287, 0, 0, 47, 1, 2, 0, 0, '', '', '', '0.000000', 0, 1, '1.848739', '0.000000', '', '0.000000', '0.00', '243,', '', '', '0.000000', '0.000000', '0.000000', '0.000000', 2, 0, 0, 0, 0, 1, '404', 0, 1, '0000-00-00', 0, 'new', 1, 1, 'both', 0, 0, 0, 0, '2017-03-30 11:16:46', '2017-03-30 11:24:21', 0, 3, 1),
(288, 0, 0, 47, 1, 2, 0, 0, '', '', '', '0.000000', 0, 1, '3.025210', '0.000000', '', '0.000000', '0.00', '244,', '', '', '0.000000', '0.000000', '0.000000', '0.000000', 2, 0, 0, 0, 0, 1, '404', 0, 1, '0000-00-00', 0, 'new', 1, 1, 'both', 0, 0, 0, 0, '2017-03-30 11:19:14', '2017-03-30 11:22:25', 0, 3, 1),
(289, 0, 0, 47, 1, 2, 0, 0, '', '', '', '0.000000', 0, 1, '1.932773', '0.000000', '', '0.000000', '0.00', '244,', '', '', '0.000000', '0.000000', '0.000000', '0.000000', 2, 0, 0, 0, 0, 1, '404', 0, 1, '0000-00-00', 0, 'new', 1, 1, 'both', 0, 0, 0, 0, '2017-03-30 11:19:16', '2017-03-30 11:22:21', 0, 3, 1),
(290, 0, 0, 48, 1, 2, 0, 0, '', '', '', '0.000000', 0, 1, '2.436975', '0.000000', '', '0.000000', '0.00', '360,', '', '', '0.000000', '0.000000', '0.000000', '0.000000', 2, 0, 0, 0, 0, 1, '404', 0, 1, '0000-00-00', 0, 'new', 1, 1, 'both', 0, 0, 0, 0, '2017-03-30 11:25:18', '2017-03-30 11:27:10', 0, 3, 1),
(291, 0, 0, 48, 1, 2, 0, 0, '', '', '', '0.000000', 0, 1, '1.596639', '0.000000', '', '0.000000', '0.00', '360,', '', '', '0.000000', '0.000000', '0.000000', '0.000000', 2, 0, 0, 0, 0, 1, '404', 0, 1, '0000-00-00', 0, 'new', 1, 1, 'both', 0, 0, 0, 0, '2017-03-30 11:25:20', '2017-03-30 11:26:59', 0, 3, 1),
(292, 0, 0, 48, 1, 2, 0, 0, '', '', '', '0.000000', 0, 1, '2.352941', '0.000000', '', '0.000000', '0.00', '361,', '', '', '0.000000', '0.000000', '0.000000', '0.000000', 2, 0, 0, 0, 0, 1, '404', 0, 1, '0000-00-00', 0, 'new', 1, 1, 'both', 0, 0, 0, 0, '2017-03-30 11:27:14', '2017-03-30 11:29:13', 0, 3, 1),
(293, 0, 0, 48, 1, 2, 0, 0, '', '', '', '0.000000', 0, 1, '1.512605', '0.000000', '', '0.000000', '0.00', '361,', '', '', '0.000000', '0.000000', '0.000000', '0.000000', 2, 0, 0, 0, 0, 1, '404', 0, 1, '0000-00-00', 0, 'new', 1, 1, 'both', 0, 0, 0, 0, '2017-03-30 11:27:15', '2017-03-30 11:29:02', 0, 3, 1),
(294, 0, 0, 48, 1, 2, 0, 0, '', '', '', '0.000000', 0, 1, '3.193277', '0.000000', '', '0.000000', '0.00', '362,', '', '', '0.000000', '0.000000', '0.000000', '0.000000', 2, 0, 0, 0, 0, 1, '404', 0, 1, '0000-00-00', 0, 'new', 1, 1, 'both', 0, 0, 0, 0, '2017-03-30 11:29:16', '2017-03-30 11:30:57', 0, 3, 1),
(295, 0, 0, 48, 1, 2, 0, 0, '', '', '', '0.000000', 0, 1, '2.352941', '0.000000', '', '0.000000', '0.00', '362,', '', '', '0.000000', '0.000000', '0.000000', '0.000000', 2, 0, 0, 0, 0, 1, '404', 0, 1, '0000-00-00', 0, 'new', 1, 1, 'both', 0, 0, 0, 0, '2017-03-30 11:29:18', '2017-03-30 11:30:28', 0, 3, 1),
(296, 0, 0, 49, 1, 2, 0, 0, '', '', '', '0.000000', 0, 1, '2.352941', '0.000000', '', '0.000000', '0.00', '230,', '', '', '0.000000', '0.000000', '0.000000', '0.000000', 2, 0, 0, 0, 0, 1, '404', 0, 1, '0000-00-00', 0, 'new', 1, 1, 'both', 0, 0, 0, 0, '2017-03-30 11:31:00', '2017-03-30 11:36:25', 0, 3, 1),
(297, 0, 0, 49, 1, 2, 0, 0, '', '', '', '0.000000', 0, 1, '1.512605', '0.000000', '', '0.000000', '0.00', '230,', '', '', '0.000000', '0.000000', '0.000000', '0.000000', 2, 0, 0, 0, 0, 1, '404', 0, 1, '0000-00-00', 0, 'new', 1, 1, 'both', 0, 0, 0, 0, '2017-03-30 11:31:02', '2017-03-30 11:36:05', 0, 3, 1),
(298, 0, 0, 49, 1, 2, 0, 0, '', '', '', '0.000000', 0, 1, '2.352941', '0.000000', '', '0.000000', '0.00', '231,', '', '', '0.000000', '0.000000', '0.000000', '0.000000', 2, 0, 0, 0, 0, 1, '404', 0, 1, '0000-00-00', 0, 'new', 1, 1, 'both', 0, 0, 0, 0, '2017-03-30 11:36:31', '2017-03-30 11:38:59', 0, 3, 1),
(299, 0, 0, 49, 1, 2, 0, 0, '', '', '', '0.000000', 0, 1, '1.512605', '0.000000', '', '0.000000', '0.00', '231,', '', '', '0.000000', '0.000000', '0.000000', '0.000000', 2, 0, 0, 0, 0, 1, '404', 0, 1, '0000-00-00', 0, 'new', 1, 1, 'both', 0, 0, 0, 0, '2017-03-30 11:36:33', '2017-03-30 11:38:42', 0, 3, 1),
(300, 0, 0, 49, 1, 2, 0, 0, '', '', '', '0.000000', 0, 1, '2.352941', '0.000000', '', '0.000000', '0.00', '232,', '', '', '0.000000', '0.000000', '0.000000', '0.000000', 2, 0, 0, 0, 0, 1, '404', 0, 1, '0000-00-00', 0, 'new', 1, 1, 'both', 0, 0, 0, 0, '2017-03-30 11:39:05', '2017-03-30 11:58:53', 0, 3, 1),
(301, 0, 0, 49, 1, 2, 0, 0, '', '', '', '0.000000', 0, 1, '1.512605', '0.000000', '', '0.000000', '0.00', '232,', '', '', '0.000000', '0.000000', '0.000000', '0.000000', 2, 0, 0, 0, 0, 1, '404', 0, 1, '0000-00-00', 0, 'new', 1, 1, 'both', 0, 0, 0, 0, '2017-03-30 11:39:07', '2017-03-30 11:58:58', 0, 3, 1),
(302, 0, 0, 49, 1, 2, 0, 0, '', '', '', '0.000000', 0, 1, '2.352941', '0.000000', '', '0.000000', '0.00', '233,', '', '', '0.000000', '0.000000', '0.000000', '0.000000', 2, 0, 0, 0, 0, 1, '404', 0, 1, '0000-00-00', 0, 'new', 1, 1, 'both', 0, 0, 0, 0, '2017-03-30 11:41:27', '2017-03-30 11:44:32', 0, 3, 1),
(303, 0, 0, 49, 1, 2, 0, 0, '', '', '', '0.000000', 0, 1, '1.512605', '0.000000', '', '0.000000', '0.00', '233,', '', '', '0.000000', '0.000000', '0.000000', '0.000000', 2, 0, 0, 0, 0, 1, '404', 0, 1, '0000-00-00', 0, 'new', 1, 1, 'both', 0, 0, 0, 0, '2017-03-30 11:41:30', '2017-03-30 11:44:08', 0, 3, 1),
(304, 0, 0, 49, 1, 2, 0, 0, '', '', '', '0.000000', 0, 1, '2.352941', '0.000000', '', '0.000000', '0.00', '234,', '', '', '0.000000', '0.000000', '0.000000', '0.000000', 2, 0, 0, 0, 0, 1, '404', 0, 1, '0000-00-00', 0, 'new', 1, 1, 'both', 0, 0, 0, 0, '2017-03-30 11:44:44', '2017-03-30 16:58:31', 0, 3, 1),
(305, 0, 0, 49, 1, 2, 0, 0, '', '', '', '0.000000', 0, 1, '1.512605', '0.000000', '', '0.000000', '0.00', '234,', '', '', '0.000000', '0.000000', '0.000000', '0.000000', 2, 0, 0, 0, 0, 1, '404', 0, 1, '0000-00-00', 0, 'new', 1, 1, 'both', 0, 0, 0, 0, '2017-03-30 11:44:47', '2017-03-30 16:58:33', 0, 3, 1),
(306, 0, 0, 49, 1, 2, 0, 0, '', '', '', '0.000000', 0, 1, '3.025210', '0.000000', '', '0.000000', '0.00', '235,', '', '', '0.000000', '0.000000', '0.000000', '0.000000', 2, 0, 0, 0, 0, 1, '404', 0, 1, '0000-00-00', 0, 'new', 1, 1, 'both', 0, 0, 0, 0, '2017-03-30 11:47:56', '2017-03-30 11:50:30', 0, 3, 1),
(307, 0, 0, 49, 1, 2, 0, 0, '', '', '', '0.000000', 0, 1, '1.848739', '0.000000', '', '0.000000', '0.00', '235,', '', '', '0.000000', '0.000000', '0.000000', '0.000000', 2, 0, 0, 0, 0, 1, '404', 0, 1, '0000-00-00', 0, 'new', 1, 1, 'both', 0, 0, 0, 0, '2017-03-30 11:47:58', '2017-03-30 11:50:08', 0, 3, 1),
(308, 0, 0, 49, 1, 2, 0, 0, '', '', '', '0.000000', 0, 1, '3.025210', '0.000000', '', '0.000000', '0.00', '236,', '', '', '0.000000', '0.000000', '0.000000', '0.000000', 2, 0, 0, 0, 0, 1, '404', 0, 1, '0000-00-00', 0, 'new', 1, 1, 'both', 0, 0, 0, 0, '2017-03-30 11:50:37', '2017-03-30 11:53:08', 0, 3, 1),
(309, 0, 0, 49, 1, 2, 0, 0, '', '', '', '0.000000', 0, 1, '1.848739', '0.000000', '', '0.000000', '0.00', '236,', '', '', '0.000000', '0.000000', '0.000000', '0.000000', 2, 0, 0, 0, 0, 1, '404', 0, 1, '0000-00-00', 0, 'new', 1, 1, 'both', 0, 0, 0, 0, '2017-03-30 11:50:39', '2017-03-30 11:53:05', 0, 3, 1),
(310, 0, 0, 49, 1, 2, 0, 0, '', '', '', '0.000000', 0, 1, '3.025210', '0.000000', '', '0.000000', '0.00', '237,', '', '', '0.000000', '0.000000', '0.000000', '0.000000', 2, 0, 0, 0, 0, 1, '404', 0, 1, '0000-00-00', 0, 'new', 1, 1, 'both', 0, 0, 0, 0, '2017-03-30 11:53:36', '2017-03-30 11:56:02', 0, 3, 1),
(311, 0, 0, 49, 1, 2, 0, 0, '', '', '', '0.000000', 0, 1, '1.848739', '0.000000', '', '0.000000', '0.00', '237,', '', '', '0.000000', '0.000000', '0.000000', '0.000000', 2, 0, 0, 0, 0, 1, '404', 0, 1, '0000-00-00', 0, 'new', 1, 1, 'both', 0, 0, 0, 0, '2017-03-30 11:53:37', '2017-03-30 11:56:06', 0, 3, 1),
(312, 0, 0, 50, 1, 2, 0, 0, '', '', '', '0.000000', 0, 1, '7.142857', '0.000000', '', '0.000000', '0.00', '300,', '', '', '0.000000', '0.000000', '0.000000', '0.000000', 2, 0, 0, 0, 0, 1, '404', 0, 1, '0000-00-00', 0, 'new', 1, 1, 'both', 0, 0, 0, 0, '2017-03-30 11:56:50', '2017-03-30 12:02:18', 0, 3, 1),
(313, 0, 0, 50, 1, 2, 0, 0, '', '', '', '0.000000', 0, 1, '3.781513', '0.000000', '', '0.000000', '0.00', '300,', '', '', '0.000000', '0.000000', '0.000000', '0.000000', 2, 0, 0, 0, 0, 1, '404', 0, 1, '0000-00-00', 0, 'new', 1, 1, 'both', 0, 0, 0, 0, '2017-03-30 11:56:53', '2017-03-30 12:02:02', 0, 3, 1),
(314, 0, 0, 50, 1, 2, 0, 0, '', '', '', '0.000000', 0, 1, '7.983193', '0.000000', '', '0.000000', '0.00', '301,', '', '', '0.000000', '0.000000', '0.000000', '0.000000', 2, 0, 0, 0, 0, 1, '404', 0, 1, '0000-00-00', 0, 'new', 1, 1, 'both', 0, 0, 0, 0, '2017-03-30 12:02:25', '2017-03-30 12:05:20', 0, 3, 1),
(315, 0, 0, 50, 1, 2, 0, 0, '', '', '', '0.000000', 0, 1, '4.117647', '0.000000', '', '0.000000', '0.00', '301,', '', '', '0.000000', '0.000000', '0.000000', '0.000000', 2, 0, 0, 0, 0, 1, '404', 0, 1, '0000-00-00', 0, 'new', 1, 1, 'both', 0, 0, 0, 0, '2017-03-30 12:02:28', '2017-03-30 12:05:00', 0, 3, 1),
(316, 0, 0, 50, 1, 2, 0, 0, '', '', '', '0.000000', 0, 1, '4.621849', '0.000000', '', '0.000000', '0.00', '303,', '', '', '0.000000', '0.000000', '0.000000', '0.000000', 2, 0, 0, 0, 0, 1, '404', 0, 1, '0000-00-00', 0, 'new', 1, 1, 'both', 0, 0, 0, 0, '2017-03-30 12:05:27', '2017-03-30 12:06:42', 0, 3, 1),
(317, 0, 0, 50, 1, 2, 0, 0, '', '', '', '0.000000', 0, 1, '8.823529', '0.000000', '', '0.000000', '0.00', '303,', '', '', '0.000000', '0.000000', '0.000000', '0.000000', 2, 0, 0, 0, 0, 1, '404', 0, 1, '0000-00-00', 0, 'new', 1, 1, 'both', 0, 0, 0, 0, '2017-03-30 12:06:48', '2017-03-30 12:07:53', 0, 3, 1),
(318, 0, 0, 50, 1, 2, 0, 0, '', '', '', '0.000000', 0, 1, '8.823529', '0.000000', '', '0.000000', '0.00', '310,', '', '', '0.000000', '0.000000', '0.000000', '0.000000', 2, 0, 0, 0, 0, 1, '404', 0, 1, '0000-00-00', 0, 'new', 1, 1, 'both', 0, 0, 0, 0, '2017-03-30 12:07:57', '2017-03-30 12:10:11', 0, 3, 1),
(319, 0, 0, 50, 1, 2, 0, 0, '', '', '', '0.000000', 0, 1, '4.621849', '0.000000', '', '0.000000', '0.00', '310,', '', '', '0.000000', '0.000000', '0.000000', '0.000000', 2, 0, 0, 0, 0, 1, '404', 0, 1, '0000-00-00', 0, 'new', 1, 1, 'both', 0, 0, 0, 0, '2017-03-30 12:07:59', '2017-03-30 12:09:33', 0, 3, 1),
(320, 0, 0, 50, 1, 2, 0, 0, '', '', '', '0.000000', 0, 1, '7.563025', '0.000000', '', '0.000000', '0.00', '311,', '', '', '0.000000', '0.000000', '0.000000', '0.000000', 2, 0, 0, 0, 0, 1, '404', 0, 1, '0000-00-00', 0, 'new', 1, 1, 'both', 0, 0, 0, 0, '2017-03-30 12:10:19', '2017-03-30 12:12:08', 0, 3, 1),
(321, 0, 0, 50, 1, 2, 0, 0, '', '', '', '0.000000', 0, 1, '3.949580', '0.000000', '', '0.000000', '0.00', '311,', '', '', '0.000000', '0.000000', '0.000000', '0.000000', 2, 0, 0, 0, 0, 1, '404', 0, 1, '0000-00-00', 0, 'new', 1, 1, 'both', 0, 0, 0, 0, '2017-03-30 12:10:20', '2017-03-30 12:11:47', 0, 3, 1),
(322, 0, 0, 50, 1, 2, 0, 0, '', '', '', '0.000000', 0, 1, '7.983193', '0.000000', '', '0.000000', '0.00', '312,', '', '', '0.000000', '0.000000', '0.000000', '0.000000', 2, 0, 0, 0, 0, 1, '404', 0, 1, '0000-00-00', 0, 'new', 1, 1, 'both', 0, 0, 0, 0, '2017-03-30 12:12:12', '2017-03-30 12:13:58', 0, 3, 1),
(323, 0, 0, 50, 1, 2, 0, 0, '', '', '', '0.000000', 0, 1, '4.117647', '0.000000', '', '0.000000', '0.00', '312,', '', '', '0.000000', '0.000000', '0.000000', '0.000000', 2, 0, 0, 0, 0, 1, '404', 0, 1, '0000-00-00', 0, 'new', 1, 1, 'both', 0, 0, 0, 0, '2017-03-30 12:12:14', '2017-03-30 12:13:19', 0, 3, 1),
(324, 0, 0, 50, 1, 2, 0, 0, '', '', '', '0.000000', 0, 1, '7.142857', '0.000000', '', '0.000000', '0.00', '313,', '', '', '0.000000', '0.000000', '0.000000', '0.000000', 2, 0, 0, 0, 0, 1, '404', 0, 1, '0000-00-00', 0, 'new', 1, 1, 'both', 0, 0, 0, 0, '2017-03-30 12:14:03', '2017-03-30 12:16:04', 0, 3, 1),
(325, 0, 0, 50, 1, 2, 0, 0, '', '', '', '0.000000', 0, 1, '3.781513', '0.000000', '', '0.000000', '0.00', '313,', '', '', '0.000000', '0.000000', '0.000000', '0.000000', 2, 0, 0, 0, 0, 1, '404', 0, 1, '0000-00-00', 0, 'new', 1, 1, 'both', 0, 0, 0, 0, '2017-03-30 12:14:05', '2017-03-30 12:15:30', 0, 3, 1),
(326, 0, 0, 50, 1, 2, 0, 0, '', '', '', '0.000000', 0, 1, '7.142857', '0.000000', '', '0.000000', '0.00', '314,', '', '', '0.000000', '0.000000', '0.000000', '0.000000', 2, 0, 0, 0, 0, 1, '404', 0, 1, '0000-00-00', 0, 'new', 1, 1, 'both', 0, 0, 0, 0, '2017-03-30 12:16:07', '2017-03-30 12:18:16', 0, 3, 1),
(327, 0, 0, 50, 1, 2, 0, 0, '', '', '', '0.000000', 0, 1, '3.781513', '0.000000', '', '0.000000', '0.00', '314,', '', '', '0.000000', '0.000000', '0.000000', '0.000000', 2, 0, 0, 0, 0, 1, '404', 0, 1, '0000-00-00', 0, 'new', 1, 1, 'both', 0, 0, 0, 0, '2017-03-30 12:16:09', '2017-03-30 12:17:57', 0, 3, 1),
(328, 0, 0, 50, 1, 2, 0, 0, '', '', '', '0.000000', 0, 1, '7.142857', '0.000000', '', '0.000000', '0.00', '315,', '', '', '0.000000', '0.000000', '0.000000', '0.000000', 2, 0, 0, 0, 0, 1, '404', 0, 1, '0000-00-00', 0, 'new', 1, 1, 'both', 0, 0, 0, 0, '2017-03-30 12:18:19', '2017-03-30 12:20:26', 0, 3, 1),
(329, 0, 0, 50, 1, 2, 0, 0, '', '', '', '0.000000', 0, 1, '3.781513', '0.000000', '', '0.000000', '0.00', '315,', '', '', '0.000000', '0.000000', '0.000000', '0.000000', 2, 0, 0, 0, 0, 1, '404', 0, 1, '0000-00-00', 0, 'new', 1, 1, 'both', 0, 0, 0, 0, '2017-03-30 12:18:21', '2017-03-30 12:20:08', 0, 3, 1),
(330, 0, 0, 51, 1, 2, 0, 0, '', '', '', '0.000000', 0, 1, '9.243697', '0.000000', '', '0.000000', '0.00', '331,', '', '', '0.000000', '0.000000', '0.000000', '0.000000', 2, 0, 0, 0, 0, 1, '404', 0, 1, '0000-00-00', 0, 'new', 1, 1, 'both', 0, 0, 0, 0, '2017-03-30 12:20:30', '2017-03-30 12:24:49', 0, 3, 1),
(331, 0, 0, 51, 1, 2, 0, 0, '', '', '', '0.000000', 0, 1, '2.941176', '0.000000', '', '0.000000', '0.00', '329,', '', '', '0.000000', '0.000000', '0.000000', '0.000000', 2, 0, 0, 0, 0, 1, '404', 0, 1, '0000-00-00', 0, 'new', 1, 1, 'both', 0, 0, 0, 0, '2017-03-30 12:20:32', '2017-03-30 12:23:07', 0, 3, 1),
(332, 0, 0, 51, 1, 2, 0, 0, '', '', '', '0.000000', 0, 1, '13.445378', '0.000000', '', '0.000000', '0.00', '333,', '', '', '0.000000', '0.000000', '0.000000', '0.000000', 2, 0, 0, 0, 0, 1, '404', 0, 1, '0000-00-00', 0, 'new', 1, 1, 'both', 0, 0, 0, 0, '2017-03-30 12:24:52', '2017-03-30 12:25:58', 0, 3, 1),
(333, 0, 0, 52, 1, 2, 0, 0, '', '', '', '0.000000', 0, 1, '2.941176', '0.000000', '', '0.000000', '0.00', '370,', '', '', '0.000000', '0.000000', '0.000000', '0.000000', 2, 0, 0, 0, 0, 1, '404', 0, 1, '0000-00-00', 0, 'new', 1, 1, 'both', 0, 0, 0, 0, '2017-03-30 12:26:34', '2017-03-30 12:46:46', 0, 3, 1),
(334, 0, 0, 52, 1, 2, 0, 0, '', '', '', '0.000000', 0, 1, '2.100840', '0.000000', '', '0.000000', '0.00', '370,', '', '', '0.000000', '0.000000', '0.000000', '0.000000', 2, 0, 0, 0, 0, 1, '404', 0, 1, '0000-00-00', 0, 'new', 1, 1, 'both', 0, 0, 0, 0, '2017-03-30 12:26:36', '2017-03-30 12:46:48', 0, 3, 1),
(335, 0, 0, 52, 1, 2, 0, 0, '', '', '', '0.000000', 0, 1, '2.436975', '0.000000', '', '0.000000', '0.00', '371,', '', '', '0.000000', '0.000000', '0.000000', '0.000000', 2, 0, 0, 0, 0, 1, '404', 0, 1, '0000-00-00', 0, 'new', 1, 1, 'both', 0, 0, 0, 0, '2017-03-30 12:29:30', '2017-03-30 12:46:50', 0, 3, 1),
(336, 0, 0, 52, 1, 2, 0, 0, '', '', '', '0.000000', 0, 1, '1.596639', '0.000000', '', '0.000000', '0.00', '371,', '', '', '0.000000', '0.000000', '0.000000', '0.000000', 2, 0, 0, 0, 0, 1, '404', 0, 1, '0000-00-00', 0, 'new', 1, 1, 'both', 0, 0, 0, 0, '2017-03-30 12:29:32', '2017-03-30 12:30:55', 0, 3, 1),
(337, 0, 0, 52, 1, 2, 0, 0, '', '', '', '0.000000', 0, 1, '2.521008', '0.000000', '', '0.000000', '0.00', '372,', '', '', '0.000000', '0.000000', '0.000000', '0.000000', 2, 0, 0, 0, 0, 1, '404', 0, 1, '0000-00-00', 0, 'new', 1, 1, 'both', 0, 0, 0, 0, '2017-03-30 12:31:43', '2017-03-30 12:33:15', 0, 3, 1),
(338, 0, 0, 52, 1, 2, 0, 0, '', '', '', '0.000000', 0, 1, '1.680672', '0.000000', '', '0.000000', '0.00', '372,', '', '', '0.000000', '0.000000', '0.000000', '0.000000', 2, 0, 0, 0, 0, 1, '404', 0, 1, '0000-00-00', 0, 'new', 1, 1, 'both', 0, 0, 0, 0, '2017-03-30 12:31:45', '2017-03-30 12:32:49', 0, 3, 1),
(339, 0, 0, 52, 1, 2, 0, 0, '', '', '', '0.000000', 0, 1, '2.521008', '0.000000', '', '0.000000', '0.00', '373,', '', '', '0.000000', '0.000000', '0.000000', '0.000000', 2, 0, 0, 0, 0, 1, '404', 0, 1, '0000-00-00', 0, 'new', 1, 1, 'both', 0, 0, 0, 0, '2017-03-30 12:33:18', '2017-03-30 12:36:58', 0, 3, 1),
(340, 0, 0, 52, 1, 2, 0, 0, '', '', '', '0.000000', 0, 1, '1.680672', '0.000000', '', '0.000000', '0.00', '373,', '', '', '0.000000', '0.000000', '0.000000', '0.000000', 2, 0, 0, 0, 0, 1, '404', 0, 1, '0000-00-00', 0, 'new', 1, 1, 'both', 0, 0, 0, 0, '2017-03-30 12:33:20', '2017-03-30 12:36:42', 0, 3, 1),
(343, 0, 0, 52, 1, 2, 0, 0, '', '', '', '0.000000', 0, 1, '2.605042', '0.000000', '', '0.000000', '0.00', '374,', '', '', '0.000000', '0.000000', '0.000000', '0.000000', 2, 0, 0, 0, 0, 1, '404', 0, 1, '0000-00-00', 0, 'new', 1, 1, 'both', 0, 0, 0, 0, '2017-03-30 12:39:11', '2017-03-30 12:47:07', 0, 3, 1),
(344, 0, 0, 52, 1, 2, 0, 0, '', '', '', '0.000000', 0, 1, '1.764706', '0.000000', '', '0.000000', '0.00', '374,', '', '', '0.000000', '0.000000', '0.000000', '0.000000', 2, 0, 0, 0, 0, 1, '404', 0, 1, '0000-00-00', 0, 'new', 1, 1, 'both', 0, 0, 0, 0, '2017-03-30 12:39:15', '2017-03-30 12:47:07', 0, 3, 1),
(345, 0, 0, 52, 1, 2, 0, 0, '', '', '', '0.000000', 0, 1, '1.764706', '0.000000', '', '0.000000', '0.00', '375,', '', '', '0.000000', '0.000000', '0.000000', '0.000000', 2, 0, 0, 0, 0, 1, '404', 0, 1, '0000-00-00', 0, 'new', 1, 1, 'both', 0, 0, 0, 0, '2017-03-30 12:41:56', '2017-03-30 12:47:07', 0, 3, 1),
(346, 0, 0, 52, 1, 2, 0, 0, '', '', '', '0.000000', 0, 1, '2.605042', '0.000000', '', '0.000000', '0.00', '375,', '', '', '0.000000', '0.000000', '0.000000', '0.000000', 2, 0, 0, 0, 0, 1, '404', 0, 1, '0000-00-00', 0, 'new', 1, 1, 'both', 0, 0, 0, 0, '2017-03-30 12:42:01', '2017-03-30 12:47:07', 0, 3, 1),
(347, 0, 0, 53, 1, 2, 0, 0, '', '', '', '0.000000', 0, 1, '1.344538', '0.000000', '', '0.000000', '0.00', '251,', '', '', '0.000000', '0.000000', '0.000000', '0.000000', 2, 0, 0, 0, 0, 1, '404', 0, 1, '0000-00-00', 0, 'new', 1, 1, 'both', 0, 0, 0, 0, '2017-03-30 12:44:31', '2017-03-30 12:52:07', 0, 3, 1),
(348, 0, 0, 53, 1, 2, 0, 0, '', '', '', '0.000000', 0, 1, '1.512605', '0.000000', '', '0.000000', '0.00', '250,', '', '', '0.000000', '0.000000', '0.000000', '0.000000', 2, 0, 0, 0, 0, 1, '404', 0, 1, '0000-00-00', 0, 'new', 1, 1, 'both', 0, 0, 0, 0, '2017-03-30 12:44:37', '2017-03-30 12:51:51', 0, 3, 1),
(349, 0, 0, 53, 1, 0, 0, 0, '', '', '', '0.000000', 0, 1, '1.700000', '0.000000', '', '0.000000', '0.00', '253,', '', '', '0.000000', '0.000000', '0.000000', '0.000000', 2, 0, 0, 0, 0, 1, '404', 0, 1, '0000-00-00', 0, 'new', 1, 1, 'both', 0, 0, 0, 0, '2017-03-30 12:52:11', '2017-03-30 12:54:07', 0, 3, 1),
(350, 0, 0, 53, 1, 2, 0, 0, '', '', '', '0.000000', 0, 1, '1.428571', '0.000000', '', '0.000000', '0.00', '252', '', '', '0.000000', '0.000000', '0.000000', '0.000000', 2, 0, 0, 0, 0, 1, '404', 0, 1, '0000-00-00', 0, 'new', 1, 1, 'both', 0, 0, 0, 0, '2017-03-30 12:52:13', '2017-03-30 12:53:49', 0, 3, 1),
(351, 0, 0, 53, 1, 2, 0, 0, '', '', '', '0.000000', 0, 1, '1.932773', '0.000000', '', '0.000000', '0.00', '255,', '', '', '0.000000', '0.000000', '0.000000', '0.000000', 2, 0, 0, 0, 0, 1, '404', 0, 1, '0000-00-00', 0, 'new', 1, 1, 'both', 0, 0, 0, 0, '2017-03-30 12:54:09', '2017-03-30 12:55:53', 0, 3, 1),
(352, 0, 0, 53, 1, 2, 0, 0, '', '', '', '0.000000', 0, 1, '1.848739', '0.000000', '', '0.000000', '0.00', '254,', '', '', '0.000000', '0.000000', '0.000000', '0.000000', 2, 0, 0, 0, 0, 1, '404', 0, 1, '0000-00-00', 0, 'new', 1, 1, 'both', 0, 0, 0, 0, '2017-03-30 12:54:11', '2017-03-30 12:55:35', 0, 3, 1),
(353, 0, 0, 53, 1, 2, 0, 0, '', '', '', '0.000000', 0, 1, '2.352941', '0.000000', '', '0.000000', '0.00', '257,', '', '', '0.000000', '0.000000', '0.000000', '0.000000', 2, 0, 0, 0, 0, 1, '404', 0, 1, '0000-00-00', 0, 'new', 1, 1, 'both', 0, 0, 0, 0, '2017-03-30 12:56:01', '2017-03-30 12:57:36', 0, 3, 1),
(354, 0, 0, 53, 1, 2, 0, 0, '', '', '', '0.000000', 0, 1, '2.352941', '0.000000', '', '0.000000', '0.00', '256,', '', '', '0.000000', '0.000000', '0.000000', '0.000000', 2, 0, 0, 0, 0, 1, '404', 0, 1, '0000-00-00', 0, 'new', 1, 1, 'both', 0, 0, 0, 0, '2017-03-30 12:56:03', '2017-03-30 12:56:59', 0, 3, 1),
(355, 0, 0, 53, 1, 2, 0, 0, '', '', '', '0.000000', 0, 1, '3.277311', '0.000000', '', '0.000000', '0.00', '259,', '', '', '0.000000', '0.000000', '0.000000', '0.000000', 2, 0, 0, 0, 0, 1, '404', 0, 1, '0000-00-00', 0, 'new', 1, 1, 'both', 0, 0, 0, 0, '2017-03-30 12:57:42', '2017-03-30 13:00:05', 0, 3, 1),
(356, 0, 0, 53, 1, 2, 0, 0, '', '', '', '0.000000', 0, 1, '2.941176', '0.000000', '', '0.000000', '0.00', '258,', '', '', '0.000000', '0.000000', '0.000000', '0.000000', 2, 0, 0, 0, 0, 1, '404', 0, 1, '0000-00-00', 0, 'new', 1, 1, 'both', 0, 0, 0, 0, '2017-03-30 12:57:44', '2017-03-30 12:59:17', 0, 3, 1),
(357, 0, 0, 54, 1, 2, 0, 0, '', '', '', '0.000000', 0, 1, '3.613445', '0.000000', '', '0.000000', '0.00', '320,', '', '', '0.000000', '0.000000', '0.000000', '0.000000', 2, 0, 0, 0, 0, 1, '404', 0, 1, '0000-00-00', 0, 'new', 1, 1, 'both', 0, 0, 0, 0, '2017-03-30 13:00:09', '2017-03-30 13:04:28', 0, 3, 1),
(358, 0, 0, 53, 1, 2, 0, 0, '', '', '', '0.000000', 0, 1, '3.277311', '0.000000', '', '0.000000', '0.00', '260,', '', '', '0.000000', '0.000000', '0.000000', '0.000000', 2, 0, 0, 0, 0, 1, '404', 0, 1, '0000-00-00', 0, 'new', 1, 1, 'both', 0, 0, 0, 0, '2017-03-30 13:00:12', '2017-03-30 13:01:11', 0, 3, 1),
(359, 0, 0, 54, 1, 2, 0, 0, '', '', '', '0.000000', 0, 1, '6.302521', '0.000000', '', '0.000000', '0.00', '320,', '', '', '0.000000', '0.000000', '0.000000', '0.000000', 2, 0, 0, 0, 0, 1, '404', 0, 1, '0000-00-00', 0, 'new', 1, 1, 'both', 0, 0, 0, 0, '2017-03-30 13:03:02', '2017-03-30 13:06:51', 0, 3, 1),
(360, 0, 0, 55, 1, 2, 0, 0, '', '', '', '0.000000', 0, 1, '2.436975', '0.000000', '', '0.000000', '0.00', '390,', '', '', '0.000000', '0.000000', '0.000000', '0.000000', 2, 0, 0, 0, 0, 1, '404', 0, 1, '0000-00-00', 0, 'new', 1, 1, 'both', 0, 0, 0, 0, '2017-03-30 13:07:09', '2017-03-30 13:09:32', 0, 3, 1),
(362, 0, 0, 55, 1, 2, 0, 0, '', '', '', '0.000000', 0, 1, '1.596639', '0.000000', '', '0.000000', '0.00', '390,', '', '', '0.000000', '0.000000', '0.000000', '0.000000', 2, 0, 0, 0, 0, 1, '404', 0, 1, '0000-00-00', 0, 'new', 1, 1, 'both', 0, 0, 0, 0, '2017-03-30 13:07:16', '2017-03-30 13:08:54', 0, 3, 1),
(363, 0, 0, 55, 1, 2, 0, 0, '', '', '', '0.000000', 0, 1, '1.596639', '0.000000', '', '0.000000', '0.00', '391,', '', '', '0.000000', '0.000000', '0.000000', '0.000000', 2, 0, 0, 0, 0, 1, '404', 0, 1, '0000-00-00', 0, 'new', 1, 1, 'both', 0, 0, 0, 0, '2017-03-30 13:09:35', '2017-03-30 13:11:24', 0, 3, 1);
INSERT IGNORE INTO `ps_product` (`id_product`, `id_supplier`, `id_manufacturer`, `id_category_default`, `id_shop_default`, `id_tax_rules_group`, `on_sale`, `online_only`, `ean13`, `isbn`, `upc`, `ecotax`, `quantity`, `minimal_quantity`, `price`, `wholesale_price`, `unity`, `unit_price_ratio`, `additional_shipping_cost`, `reference`, `supplier_reference`, `location`, `width`, `height`, `depth`, `weight`, `out_of_stock`, `quantity_discount`, `customizable`, `uploadable_files`, `text_fields`, `active`, `redirect_type`, `id_product_redirected`, `available_for_order`, `available_date`, `show_condition`, `condition`, `show_price`, `indexed`, `visibility`, `cache_is_pack`, `cache_has_attachments`, `is_virtual`, `cache_default_attribute`, `date_add`, `date_upd`, `advanced_stock_management`, `pack_stock_type`, `state`) VALUES
(364, 0, 0, 55, 1, 2, 0, 0, '', '', '', '0.000000', 0, 1, '2.436975', '0.000000', '', '0.000000', '0.00', '391,', '', '', '0.000000', '0.000000', '0.000000', '0.000000', 2, 0, 0, 0, 0, 1, '404', 0, 1, '0000-00-00', 0, 'new', 1, 1, 'both', 0, 0, 0, 0, '2017-03-30 13:09:38', '2017-03-30 13:11:31', 0, 3, 1),
(365, 0, 0, 55, 1, 2, 0, 0, '', '', '', '0.000000', 0, 1, '1.512605', '0.000000', '', '0.000000', '0.00', '392,', '', '', '0.000000', '0.000000', '0.000000', '0.000000', 2, 0, 0, 0, 0, 1, '404', 0, 1, '0000-00-00', 0, 'new', 1, 1, 'both', 0, 0, 0, 0, '2017-03-30 13:11:46', '2017-03-30 13:13:21', 0, 3, 1),
(366, 0, 0, 55, 1, 2, 0, 0, '', '', '', '0.000000', 0, 1, '2.352941', '0.000000', '', '0.000000', '0.00', '392,', '', '', '0.000000', '0.000000', '0.000000', '0.000000', 2, 0, 0, 0, 0, 1, '404', 0, 1, '0000-00-00', 0, 'new', 1, 1, 'both', 0, 0, 0, 0, '2017-03-30 13:11:49', '2017-03-30 13:14:17', 0, 3, 1),
(367, 0, 0, 55, 1, 2, 0, 0, '', '', '', '0.000000', 0, 1, '2.521008', '0.000000', '', '0.000000', '0.00', '393,', '', '', '0.000000', '0.000000', '0.000000', '0.000000', 2, 0, 0, 0, 0, 1, '404', 0, 1, '0000-00-00', 0, 'new', 1, 1, 'both', 0, 0, 0, 0, '2017-03-30 13:14:22', '2017-03-30 13:15:45', 0, 3, 1),
(368, 0, 0, 55, 1, 2, 0, 0, '', '', '', '0.000000', 0, 1, '3.361345', '0.000000', '', '0.000000', '0.00', '393,', '', '', '0.000000', '0.000000', '0.000000', '0.000000', 2, 0, 0, 0, 0, 1, '404', 0, 1, '0000-00-00', 0, 'new', 1, 1, 'both', 0, 0, 0, 0, '2017-03-30 13:14:23', '2017-03-30 13:16:28', 0, 3, 1),
(369, 0, 0, 18, 1, 2, 0, 0, '', '', '', '0.000000', 0, 1, '3.781513', '0.000000', '', '0.000000', '0.00', '511,', '', '', '0.000000', '0.000000', '0.000000', '0.000000', 2, 0, 0, 0, 0, 1, '404', 0, 1, '0000-00-00', 0, 'new', 1, 1, 'both', 0, 0, 0, 0, '2017-03-30 13:20:21', '2017-03-30 16:46:53', 0, 3, 1),
(371, 0, 0, 18, 1, 2, 0, 0, '', '', '', '0.000000', 0, 1, '4.033613', '0.000000', '', '0.000000', '0.00', '512,', '', '', '0.000000', '0.000000', '0.000000', '0.000000', 2, 0, 0, 0, 0, 1, '404', 0, 1, '0000-00-00', 0, 'new', 1, 1, 'both', 0, 0, 0, 0, '2017-03-30 13:24:40', '2017-03-30 16:46:53', 0, 3, 1),
(372, 0, 0, 18, 1, 2, 0, 0, '', '', '', '0.000000', 0, 1, '4.117647', '0.000000', '', '0.000000', '0.00', '513,', '', '', '0.000000', '0.000000', '0.000000', '0.000000', 2, 0, 0, 0, 0, 1, '404', 0, 1, '0000-00-00', 0, 'new', 1, 1, 'both', 0, 0, 0, 0, '2017-03-30 13:25:47', '2017-03-30 16:46:53', 0, 3, 1),
(373, 0, 0, 18, 1, 2, 0, 0, '', '', '', '0.000000', 0, 1, '4.621849', '0.000000', '', '0.000000', '0.00', '514,', '', '', '0.000000', '0.000000', '0.000000', '0.000000', 2, 0, 0, 0, 0, 1, '404', 0, 1, '0000-00-00', 0, 'new', 1, 1, 'both', 0, 0, 0, 0, '2017-03-30 13:26:59', '2017-03-30 16:46:53', 0, 3, 1),
(374, 0, 0, 18, 1, 2, 0, 0, '', '', '', '0.000000', 0, 1, '5.630252', '0.000000', '', '0.000000', '0.00', '515,', '', '', '0.000000', '0.000000', '0.000000', '0.000000', 2, 0, 0, 0, 0, 1, '404', 0, 1, '0000-00-00', 0, 'new', 1, 1, 'both', 0, 0, 0, 0, '2017-03-30 13:28:03', '2017-03-30 16:46:53', 0, 3, 1),
(375, 0, 0, 56, 1, 2, 0, 0, '', '', '', '0.000000', 0, 1, '3.781513', '0.000000', '', '0.000000', '0.00', '530,', '', '', '0.000000', '0.000000', '0.000000', '0.000000', 2, 0, 0, 0, 0, 1, '404', 0, 1, '0000-00-00', 0, 'new', 1, 1, 'both', 0, 0, 0, 0, '2017-03-30 13:29:22', '2017-03-30 13:31:08', 0, 3, 1),
(376, 0, 0, 56, 1, 2, 0, 0, '', '', '', '0.000000', 0, 1, '3.781513', '0.000000', '', '0.000000', '0.00', '531,', '', '', '0.000000', '0.000000', '0.000000', '0.000000', 2, 0, 0, 0, 0, 1, '404', 0, 1, '0000-00-00', 0, 'new', 1, 1, 'both', 0, 0, 0, 0, '2017-03-30 13:31:11', '2017-03-30 13:32:04', 0, 3, 1),
(377, 0, 0, 56, 1, 2, 0, 0, '', '', '', '0.000000', 0, 1, '4.117647', '0.000000', '', '0.000000', '0.00', '532,', '', '', '0.000000', '0.000000', '0.000000', '0.000000', 2, 0, 0, 0, 0, 1, '404', 0, 1, '0000-00-00', 0, 'new', 1, 1, 'both', 0, 0, 0, 0, '2017-03-30 13:32:08', '2017-03-30 13:34:18', 0, 3, 1),
(378, 0, 0, 56, 1, 2, 0, 0, '', '', '', '0.000000', 0, 1, '4.033613', '0.000000', '', '0.000000', '0.00', '533,', '', '', '0.000000', '0.000000', '0.000000', '0.000000', 2, 0, 0, 0, 0, 1, '404', 0, 1, '0000-00-00', 0, 'new', 1, 1, 'both', 0, 0, 0, 0, '2017-03-30 13:34:21', '2017-03-30 13:46:17', 0, 3, 1),
(379, 0, 0, 56, 1, 2, 0, 0, '', '', '', '0.000000', 0, 1, '4.621849', '0.000000', '', '0.000000', '0.00', '543,', '', '', '0.000000', '0.000000', '0.000000', '0.000000', 2, 0, 0, 0, 0, 1, '404', 0, 1, '0000-00-00', 0, 'new', 1, 1, 'both', 0, 0, 0, 0, '2017-03-30 13:46:22', '2017-03-30 13:47:55', 0, 3, 1),
(380, 0, 0, 56, 1, 2, 0, 0, '', '', '', '0.000000', 0, 1, '5.630252', '0.000000', '', '0.000000', '0.00', '545,', '', '', '0.000000', '0.000000', '0.000000', '0.000000', 2, 0, 0, 0, 0, 1, '404', 0, 1, '0000-00-00', 0, 'new', 1, 1, 'both', 0, 0, 0, 0, '2017-03-30 13:47:53', '2017-03-30 13:48:58', 0, 3, 1),
(381, 0, 0, 57, 1, 2, 0, 0, '', '', '', '0.000000', 0, 1, '3.781513', '0.000000', '', '0.000000', '0.00', '540,', '', '', '0.000000', '0.000000', '0.000000', '0.000000', 2, 0, 0, 0, 0, 1, '404', 0, 1, '0000-00-00', 0, 'new', 1, 1, 'both', 0, 0, 0, 0, '2017-03-30 13:49:01', '2017-03-30 13:52:53', 0, 3, 1),
(382, 0, 0, 57, 1, 2, 0, 0, '', '', '', '0.000000', 0, 1, '3.781513', '0.000000', '', '0.000000', '0.00', '541,', '', '', '0.000000', '0.000000', '0.000000', '0.000000', 2, 0, 0, 0, 0, 1, '404', 0, 1, '0000-00-00', 0, 'new', 1, 1, 'both', 0, 0, 0, 0, '2017-03-30 13:53:43', '2017-03-30 13:55:14', 0, 3, 1),
(384, 0, 0, 57, 1, 2, 0, 0, '', '', '', '0.000000', 0, 1, '4.117647', '0.000000', '', '0.000000', '0.00', '542,', '', '', '0.000000', '0.000000', '0.000000', '0.000000', 2, 0, 0, 0, 0, 1, '404', 0, 1, '0000-00-00', 0, 'new', 1, 1, 'both', 0, 0, 0, 0, '2017-03-30 13:55:40', '2017-03-30 13:56:35', 0, 3, 1),
(385, 0, 0, 57, 1, 2, 0, 0, '', '', '', '0.000000', 0, 1, '4.033613', '0.000000', '', '0.000000', '0.00', '543,', '', '', '0.000000', '0.000000', '0.000000', '0.000000', 2, 0, 0, 0, 0, 1, '404', 0, 1, '0000-00-00', 0, 'new', 1, 1, 'both', 0, 0, 0, 0, '2017-03-30 13:56:47', '2017-03-30 13:57:36', 0, 3, 1),
(386, 0, 0, 57, 1, 2, 0, 0, '', '', '', '0.000000', 0, 1, '4.621849', '0.000000', '', '0.000000', '0.00', '544,', '', '', '0.000000', '0.000000', '0.000000', '0.000000', 2, 0, 0, 0, 0, 1, '404', 0, 1, '0000-00-00', 0, 'new', 1, 1, 'both', 0, 0, 0, 0, '2017-03-30 13:57:46', '2017-03-30 13:58:49', 0, 3, 1),
(387, 0, 0, 57, 1, 2, 0, 0, '', '', '', '0.000000', 0, 1, '5.798319', '0.000000', '', '0.000000', '0.00', '545,', '', '', '0.000000', '0.000000', '0.000000', '0.000000', 2, 0, 0, 0, 0, 1, '404', 0, 1, '0000-00-00', 0, 'new', 1, 1, 'both', 0, 0, 0, 0, '2017-03-30 13:58:59', '2017-03-30 13:59:46', 0, 3, 1),
(388, 0, 0, 58, 1, 2, 0, 0, '', '', '', '0.000000', 0, 1, '3.781513', '0.000000', '', '0.000000', '0.00', '520,', '', '', '0.000000', '0.000000', '0.000000', '0.000000', 2, 0, 0, 0, 0, 1, '404', 0, 1, '0000-00-00', 0, 'new', 1, 1, 'both', 0, 0, 0, 0, '2017-03-30 14:00:45', '2017-03-30 14:03:33', 0, 3, 1),
(389, 0, 0, 58, 1, 2, 0, 0, '', '', '', '0.000000', 0, 1, '3.781513', '0.000000', '', '0.000000', '0.00', '521,', '', '', '0.000000', '0.000000', '0.000000', '0.000000', 2, 0, 0, 0, 0, 1, '404', 0, 1, '0000-00-00', 0, 'new', 1, 1, 'both', 0, 0, 0, 0, '2017-03-30 14:03:40', '2017-03-30 14:05:45', 0, 3, 1),
(390, 0, 0, 58, 1, 2, 0, 0, '', '', '', '0.000000', 0, 1, '4.117647', '0.000000', '', '0.000000', '0.00', '522,', '', '', '0.000000', '0.000000', '0.000000', '0.000000', 2, 0, 0, 0, 0, 1, '404', 0, 1, '0000-00-00', 0, 'new', 1, 1, 'both', 0, 0, 0, 0, '2017-03-30 14:06:00', '2017-03-30 14:07:00', 0, 3, 1),
(391, 0, 0, 58, 1, 2, 0, 0, '', '', '', '0.000000', 0, 1, '4.033613', '0.000000', '', '0.000000', '0.00', '523,', '', '', '0.000000', '0.000000', '0.000000', '0.000000', 2, 0, 0, 0, 0, 1, '404', 0, 1, '0000-00-00', 0, 'new', 1, 1, 'both', 0, 0, 0, 0, '2017-03-30 14:07:16', '2017-03-30 14:08:02', 0, 3, 1),
(392, 0, 0, 58, 1, 2, 0, 0, '', '', '', '0.000000', 0, 1, '4.621849', '0.000000', '', '0.000000', '0.00', '524,', '', '', '0.000000', '0.000000', '0.000000', '0.000000', 2, 0, 0, 0, 0, 1, '404', 0, 1, '0000-00-00', 0, 'new', 1, 1, 'both', 0, 0, 0, 0, '2017-03-30 14:08:17', '2017-03-30 14:09:04', 0, 3, 1),
(393, 0, 0, 58, 1, 2, 0, 0, '', '', '', '0.000000', 0, 1, '5.630252', '0.000000', '', '0.000000', '0.00', '525,', '', '', '0.000000', '0.000000', '0.000000', '0.000000', 2, 0, 0, 0, 0, 1, '404', 0, 1, '0000-00-00', 0, 'new', 1, 1, 'both', 0, 0, 0, 0, '2017-03-30 14:09:22', '2017-03-30 14:10:25', 0, 3, 1),
(394, 0, 0, 59, 1, 2, 0, 0, '', '', '', '0.000000', 0, 1, '3.781513', '0.000000', '', '0.000000', '0.00', '500,', '', '', '0.000000', '0.000000', '0.000000', '0.000000', 2, 0, 0, 0, 0, 1, '404', 0, 1, '0000-00-00', 0, 'new', 1, 1, 'both', 0, 0, 0, 0, '2017-03-30 14:10:44', '2017-03-30 14:12:02', 0, 3, 1),
(395, 0, 0, 59, 1, 2, 0, 0, '', '', '', '0.000000', 0, 1, '3.781513', '0.000000', '', '0.000000', '0.00', '501,', '', '', '0.000000', '0.000000', '0.000000', '0.000000', 2, 0, 0, 0, 0, 1, '404', 0, 1, '0000-00-00', 0, 'new', 1, 1, 'both', 0, 0, 0, 0, '2017-03-30 14:12:20', '2017-03-30 14:13:36', 0, 3, 1),
(396, 0, 0, 59, 1, 2, 0, 0, '', '', '', '0.000000', 0, 1, '4.033613', '0.000000', '', '0.000000', '0.00', '502,', '', '', '0.000000', '0.000000', '0.000000', '0.000000', 2, 0, 0, 0, 0, 1, '404', 0, 1, '0000-00-00', 0, 'new', 1, 1, 'both', 0, 0, 0, 0, '2017-03-30 14:14:00', '2017-03-30 14:15:30', 0, 3, 1),
(397, 0, 0, 59, 1, 2, 0, 0, '', '', '', '0.000000', 0, 1, '4.117647', '0.000000', '', '0.000000', '0.00', '503,', '', '', '0.000000', '0.000000', '0.000000', '0.000000', 2, 0, 0, 0, 0, 1, '404', 0, 1, '0000-00-00', 0, 'new', 1, 1, 'both', 0, 0, 0, 0, '2017-03-30 14:15:47', '2017-03-30 14:17:20', 0, 3, 1),
(398, 0, 0, 59, 1, 2, 0, 0, '', '', '', '0.000000', 0, 1, '4.621849', '0.000000', '', '0.000000', '0.00', '504,', '', '', '0.000000', '0.000000', '0.000000', '0.000000', 2, 0, 0, 0, 0, 1, '404', 0, 1, '0000-00-00', 0, 'new', 1, 1, 'both', 0, 0, 0, 0, '2017-03-30 14:18:07', '2017-03-30 14:32:02', 0, 3, 1),
(399, 0, 0, 59, 1, 2, 0, 0, '', '', '', '0.000000', 0, 1, '5.630252', '0.000000', '', '0.000000', '0.00', '505,', '', '', '0.000000', '0.000000', '0.000000', '0.000000', 2, 0, 0, 0, 0, 1, '404', 0, 1, '0000-00-00', 0, 'new', 1, 1, 'both', 0, 0, 0, 0, '2017-03-30 14:19:41', '2017-03-30 14:20:58', 0, 3, 1);

--
-- Dumping data for table `ps_product_lang`
--

INSERT IGNORE INTO `ps_product_lang` (`id_product`, `id_shop`, `id_lang`, `description`, `description_short`, `link_rewrite`, `meta_description`, `meta_keywords`, `meta_title`, `name`, `available_now`, `available_later`) VALUES
(12, 1, 1, '', '', 'bhatura', '', '', '', 'Bhatura', '', ''),
(13, 1, 1, '', '', 'coca-cola', '', '', '', 'coca cola(0.4 L)', '', ''),
(14, 1, 1, '', '', 'aloo-chana-mittelscharf', '', '', '', 'Aloo Chana (mittelscharf)', '', ''),
(15, 1, 1, '', '', 'chapati', '', '', '', 'Chapati', '', ''),
(16, 1, 1, '', '', 'naan', '', '', '', 'Naan', '', ''),
(19, 1, 1, '', '', 'knoblauch-naan', '', '', '', 'Knoblauch-Naan', '', ''),
(20, 1, 1, '', '', 'butter-naan', '', '', '', 'Butter-Naan', '', ''),
(21, 1, 1, '', '', 'papadam', '', '', '', 'papadam', '', ''),
(22, 1, 1, '', '', 'mango-chutney', '', '', '', 'Mango Chutney', '', ''),
(23, 1, 1, '', '', 'pickles', '', '', '', 'Pickles', '', ''),
(24, 1, 1, '', '', 'raita', '', '', '', 'Raita', '', ''),
(25, 1, 1, '', '', 'extra-portion-reis', '', '', '', 'Extra Portion Reis', '', ''),
(26, 1, 1, '', '', 'extra-portion-pommes', '', '', '', 'Extra Portion Pommes', '', ''),
(27, 1, 1, '', '', 'mangofruchtelychee', '', '', '', 'Mangofrüchte/Lycheefrüchte', '', ''),
(29, 1, 1, '', '', 'indisches-eis-nach-anfrage', '', '', '', 'Indisches Eis nach Anfrage', '', ''),
(30, 1, 1, '', '', 'verschiedebe-pruchte-in-mnagopuree-mit-joghurt', '', '', '', 'Verschiedebe Pruchte in Mnagopuree mit Joghurt', '', ''),
(33, 1, 1, '', '', 'batakh-curry', '', '', '', 'Batakh Curry', '', ''),
(34, 1, 1, '', '', 'batakh-masala', '', '', '', 'Batakh Masala (mittelscharf)', '', ''),
(35, 1, 1, '', '', 'shahi-batakh-mild', '', '', '', 'Shahi Batakh (mild)', '', ''),
(36, 1, 1, '', '', 'batakh-sabzi-pikant', '', '', '', 'Batakh Sabzi (pikant)', '', ''),
(37, 1, 1, '', '', 'batak-vindaloo-scharf', '', '', '', 'Batak Vindaloo (scharf)', '', ''),
(38, 1, 1, '', '', 'batakh-mangomild', '', '', '', 'Batakh Mango(mild)', '', ''),
(39, 1, 1, '', '', 'batakh-kashmirimild', '', '', '', 'Batakh Kashmiri(mild)', '', ''),
(40, 1, 1, '', '', 'batakh-korma-mild', '', '', '', 'Batakh Korma (mild)', '', ''),
(41, 1, 1, '', '', 'batakh-khumbi-', '', '', '', 'Batakh Khumbi', '', ''),
(42, 1, 1, '', '', 'batakh-chilli-scharf', '', '', '', 'Batakh Chilli (Scharf)', '', ''),
(43, 1, 1, '', '', 'fish-curry', '', '', '', 'Fish Curry', '', ''),
(44, 1, 1, '', '', 'fish-masalamittelscharf', '', '', '', 'Fish Masala(mittelscharf)', '', ''),
(45, 1, 1, '', '', 'fish-vindaloo-scharf', '', '', '', 'Fish Vindaloo (scharf)', '', ''),
(46, 1, 1, '', '', 'fish-do-piaza-mittelscharf', '', '', '', 'Fish Do Piaza (mittelscharf)', '', ''),
(47, 1, 1, '', '', 'fish-madras-scharf', '', '', '', 'Fish Madras (scharf)', '', ''),
(48, 1, 1, '', '', 'fish-korma-mild', '', '', '', 'Fish Korma (mild)', '', ''),
(49, 1, 1, '', '', 'scampl-madras-scharf', '', '', '', 'Scampl Madras (scharf)', '', ''),
(50, 1, 1, '', '', 'scampi-masala-mittelscharf', '', '', '', 'Scampi Masala (mittelscharf)', '', ''),
(51, 1, 1, '', '', 'chicken-spezial-mild', '', '', '', 'Chicken Spezial (mild)', '', ''),
(52, 1, 1, '', '', 'chicken-curry-mild', '', '', '', 'Chicken Curry (mild)', '', ''),
(53, 1, 1, '', '', 'malai-kofta-mild', '', '', '', 'Malai Kofta (mild)', '', ''),
(54, 1, 1, '', '', '-mutton-cheese-mild', '', '', '', 'Mutton Cheese (mild)', '', ''),
(55, 1, 1, '', '', 'chicken-curry', '', '', '', 'Chicken Curry', '', ''),
(58, 1, 1, '', '', 'chicken-broccoli', '', '', '', 'Chicken Broccoli', '', ''),
(59, 1, 1, '', '', 'chicken-cheese', '', '', '', 'Chicken Cheese', '', ''),
(60, 1, 1, '', '', 'chicken-sabzi-pikant', '', '', '', 'Chicken Sabzi (Pikant)', '', ''),
(61, 1, 1, '', '', 'chicken-saag', '', '', '', 'Chicken Saag', '', ''),
(62, 1, 1, '', '', 'chicken-khumbi-', '', '', '', 'Chicken Khumbi', '', ''),
(63, 1, 1, '', '', 'butter-chicken-mild', '', '', '', 'Butter Chicken (mild)', '', ''),
(64, 1, 1, '', '', 'kashmiri-chicken-mild', '', '', '', 'Kashmiri Chicken (mild)', '', ''),
(65, 1, 1, '', '', 'chicken-korma-mild', '', '', '', 'Chicken Korma (mild)', '', ''),
(66, 1, 1, '', '', 'chili-chicken-scharf', '', '', '', 'Chili Chicken (scharf)', '', ''),
(67, 1, 1, '', '', 'chicken-mango-mild', '', '', '', 'Chicken Mango (mild)', '', ''),
(68, 1, 1, '', '', 'chicken-madras-scharf', '', '', '', 'Chicken Madras (scharf)', '', ''),
(69, 1, 1, '', '', 'chicken-vindaloo-scharf', '', '', '', 'Chicken Vindaloo (scharf)', '', ''),
(70, 1, 1, '', '', 'chicken-jhuchni', '', '', '', 'Chicken Jhuchni', '', ''),
(71, 1, 1, '', '', 'chicken-spezial-mild', '', '', '', 'Chicken Spezial (mild)', '', ''),
(72, 1, 1, '', '', 'bhindi-chicken', '', '', '', 'Bhindi Chicken', '', ''),
(73, 1, 1, '', '', 'chicken-masala-mittelscharf', '', '', '', 'Chicken Masala (mittelscharf)', '', ''),
(78, 1, 1, '', '', 'mutton-sabzi-pikant', '', '', '', 'Mutton Sabzi (pikant)', '', ''),
(79, 1, 1, '', '', 'muttton-curry', '', '', '', 'Muttton Curry', '', ''),
(80, 1, 1, '', '', 'mutton-khumbi', '', '', '', 'Mutton Khumbi', '', ''),
(81, 1, 1, '', '', 'mutton-chili-schrf', '', '', '', 'Mutton Chili (scharf)', '', ''),
(82, 1, 1, '', '', 'mutton-korma-mild', '', '', '', 'Mutton Korma (mild)', '', ''),
(83, 1, 1, '', '', 'mutton-jhuchni', '', '', '', 'Mutton Jhuchni', '', ''),
(84, 1, 1, '', '', 'mutton-saag', '', '', '', 'Mutton Saag', '', ''),
(85, 1, 1, '', '', 'mutton-mango-mild', '', '', '', 'Mutton Mango (mild)', '', ''),
(86, 1, 1, '', '', 'mutton-masala-mittelscharf', '', '', '', 'Mutton Masala (mittelscharf)', '', ''),
(87, 1, 1, '', '', 'mutton-vindaloo-scharf', '', '', '', 'Mutton Vindaloo (scharf)', '', ''),
(88, 1, 1, '', '', 'tinda-gosht', '', '', '', 'Tinda Gosht', '', ''),
(89, 1, 1, '', '', 'chicken-tikka', '', '', '', 'Chicken Tikka', '', ''),
(90, 1, 1, '', '', 'sheek-kebab-pikant', '', '', '', 'Sheek Kebab (pikant)', '', ''),
(91, 1, 1, '', '', 'chicken-tandoori', '', '', '', 'Chicken Tandoori', '', ''),
(92, 1, 1, '', '', 'mutton-biryani', '', '', '', 'Mutton Biryani', '', ''),
(93, 1, 1, '', '', 'chicken-biryani', '', '', '', 'Chicken Biryani', '', ''),
(94, 1, 1, '', '', 'vegetable-biryani', '', '', '', 'Vegetable Biryani', '', ''),
(95, 1, 1, '', '', 'jhinga-biryani', '', '', '', 'Jhinga Biryani', '', ''),
(96, 1, 1, '', '', 'tandoori-biryani', '', '', '', 'Tandoori Biryani', '', ''),
(97, 1, 1, '', '', 'gruner-gemischter-salat', '', '', '', 'Gruner gemischter Salat', '', ''),
(98, 1, 1, '', '', 'gruner-gemischter-salat', '', '', '', 'Gruner gemischter Salat', '', ''),
(99, 1, 1, '', '', 'murgi-salat', '', '', '', 'Murgi Salat', '', ''),
(100, 1, 1, '', '', 'spezial-salat', '', '', '', 'Spezial Salat', '', ''),
(101, 1, 1, '', '', 'tandoori-salat', '', '', '', 'Tandoori Salat', '', ''),
(102, 1, 1, '', '', 'paneer-tikka', '', '', '', 'Paneer Tikka', '', ''),
(103, 1, 1, '', '', 'chicken-tandoori', '', '', '', 'Chicken Tandoori', '', ''),
(104, 1, 1, '', '', 'mutton-tikka', '', '', '', 'Mutton Tikka', '', ''),
(105, 1, 1, '', '', 'chicken-tikka', '', '', '', 'Chicken Tikka', '', ''),
(106, 1, 1, '', '', 'mixed-grill-3-in-1', '', '', '', 'Mixed Grill (3 in 1)', '', ''),
(107, 1, 1, '', '', 'fisch-tikka', '', '', '', 'Fisch Tikka', '', ''),
(108, 1, 1, '', '', 'jhinga-tikka', '', '', '', 'Jhinga Tikka', '', ''),
(109, 1, 1, '', '', 'batakh-tikka', '', '', '', 'Batakh Tikka', '', ''),
(110, 1, 1, '', '', 'sheek-kebab-pikant', '', '', '', 'Sheek Kebab (pikant)', '', ''),
(111, 1, 1, '', '', 'lehssan-shorba', '', '', '', 'Lehssan Shorba', '', ''),
(112, 1, 1, '', '', 'sabji-shorba', '', '', '', 'Sabji Shorba', '', ''),
(113, 1, 1, '', '', 'madras-rasam', '', '', '', 'Madras Rasam', '', ''),
(114, 1, 1, '', '', 'murgi-cremesuppe', '', '', '', 'Murgi Cremesuppe', '', ''),
(115, 1, 1, '', '', 'khumbi-cremesuppe', '', '', '', 'Khumbi-Cremesuppe', '', ''),
(116, 1, 1, '', '', 'sauer-scharf-suppe', '', '', '', 'Sauer-Scharf-Suppe', '', ''),
(117, 1, 1, '', '', 'grillplatte', '', '', '', 'Grillplatte(4)', '', ''),
(118, 1, 1, '', '', 'grillplatee3', '', '', '', 'Grillplatte(3)', '', ''),
(119, 1, 1, '', '', 'grillplatee-2', '', '', '', 'Grillplatee (2)', '', ''),
(123, 1, 1, '', '', 'karahi-meat-4', '', '', '', 'Karahi Meat (4)', '', ''),
(124, 1, 1, '', '', 'karahi-meat-3', '', '', '', 'Karahi Meat (3)', '', ''),
(125, 1, 1, '', '', 'karahi-meat', '', '', '', 'Karahi Meat (2)', '', ''),
(126, 1, 1, '', '', 'tandoori-platte-3', '', '', '', 'Tandoori Platte (3)', '', ''),
(127, 1, 1, '', '', 'tandoori-platte-2', '', '', '', 'Tandoori Platte (2)', '', ''),
(128, 1, 1, '', '', 'tandoori-platte-4', '', '', '', 'Tandoori Platte (4)', '', ''),
(129, 1, 1, '', '', 'sabzi-jhal-freezy-scharf', '', '', '', 'Sabzi Jhal Freezy (scharf)', '', ''),
(130, 1, 1, '', '', 'shahimirch', '', '', '', 'ShahiMirch', '', ''),
(131, 1, 1, '', '', 'shahi-paneer', '', '', '', 'Shahi Paneer', '', ''),
(132, 1, 1, '', '', 'bhindi-masalah', '', '', '', 'Bhindi Masalah', '', ''),
(133, 1, 1, '', '', 'tandoori-tinda', '', '', '', 'Tandoori Tinda', '', ''),
(134, 1, 1, '', '', 'tajasabzi', '', '', '', 'TazaSabzi', '', ''),
(135, 1, 1, '', '', 'alughobi', '', '', '', 'AluGhobi', '', ''),
(136, 1, 1, '', '', 'alumattar', '', '', '', 'AluMattar', '', ''),
(137, 1, 1, '', '', 'alu-cheese-mild', '', '', '', 'Alu Cheese (mild)', '', ''),
(138, 1, 1, '', '', 'daal-tarka-pikant', '', '', '', 'Daal Tarka (pikant)', '', ''),
(139, 1, 1, '', '', 'malai-kofta-mild', '', '', '', 'Malai Kofta (mild)', '', ''),
(140, 1, 1, '', '', 'palak-paneer', '', '', '', 'Palak Paneer', '', ''),
(141, 1, 1, '', '', 'mattar-paneer', '', '', '', 'Mattar Paneer', '', ''),
(142, 1, 1, '', '', 'khumbi-paneer', '', '', '', 'Khumbi Paneer', '', ''),
(143, 1, 1, '', '', 'sabzi-korma-mild', '', '', '', 'Sabzi Korma (mild)', '', ''),
(144, 1, 1, '', '', 'vegetarische-platte-2', '', '', '', 'Vegetarische Platte (2)', '', ''),
(145, 1, 1, '', '', 'vegetarische-platte-4', '', '', '', 'Vegetarische Platte (4)', '', ''),
(146, 1, 1, '', '', 'vegetarische-platte-3', '', '', '', 'Vegetarische Platte (3)', '', ''),
(147, 1, 1, '', '', 'chicken-pakora', '', '', '', 'Chicken Pakora', '', ''),
(148, 1, 1, '', '', 'mixed-pakora-1', '', '', '', 'Mixed Pakora (1)', '', ''),
(149, 1, 1, '', '', 'jhinga-butterfly', '', '', '', 'Jhinga Butterfly', '', ''),
(150, 1, 1, '', '', 'mixed-pakora-2', '', '', '', 'Mixed Pakora (2)', '', ''),
(151, 1, 1, '', '', 'alu-tikki', '', '', '', 'Alu Tikki', '', ''),
(152, 1, 1, '', '', 'samosa', '', '', '', 'Samosa', '', ''),
(153, 1, 1, '', '', 'ghobi-pakora', '', '', '', 'Ghobi Pakora', '', ''),
(154, 1, 1, '', '', 'paneer-pakora', '', '', '', 'Paneer Pakora', '', ''),
(155, 1, 1, '', '', 'onion-bhaji', '', '', '', 'Onion Bhaji', '', ''),
(156, 1, 1, '', '', 'bengen-pakora', '', '', '', 'Bengen Pakora', '', ''),
(157, 1, 1, '', '', 'khumbi-pakora', '', '', '', 'Khumbi Pakora', '', ''),
(158, 1, 1, '', '', 'coca-cola-02-l', '', '', '', 'Coca Cola (0.2 L)', '', ''),
(160, 1, 1, '', '', 'fanta-04-l', '', '', '', 'Fanta (0.4 L)', '', ''),
(161, 1, 1, '', '', 'fanta-02-l', '', '', '', 'Fanta (0.2 L)', '', ''),
(162, 1, 1, '', '', 'sprite-02-l', '', '', '', 'Sprite (0.2 L)', '', ''),
(163, 1, 1, '', '', 'spezi-04-l', '', '', '', 'Spezi (0.4 L)', '', ''),
(164, 1, 1, '', '', 'spezi-02-l', '', '', '', 'Spezi (0.2 L)', '', ''),
(165, 1, 1, '', '', 'sprite-04-l', '', '', '', 'Sprite (0.4 L)', '', ''),
(166, 1, 1, '', '', 'apfelschorle-04-l', '', '', '', 'Apfelschorle (0.4 L)', '', ''),
(167, 1, 1, '', '', 'apfelschorle-02-l', '', '', '', 'Apfelschorle (0.2 L)', '', ''),
(168, 1, 1, '', '', 'schweppes-tonic-water-04-l', '', '', '', 'Schweppes Tonic Water (0.4 L)', '', ''),
(169, 1, 1, '', '', 'schweppes-tonic-water-02-l', '', '', '', 'Schweppes Tonic Water (0.2 L)', '', ''),
(170, 1, 1, '', '', 'schweppes-ginger-ale-04-l', '', '', '', 'Schweppes Ginger Ale (0.4 L)', '', ''),
(171, 1, 1, '', '', 'schweppes-bitter-lemon-02-l', '', '', '', 'Schweppes Bitter Lemon (0.2 L)', '', ''),
(172, 1, 1, '', '', 'schweppes-ginger-ale-02-l', '', '', '', 'Schweppes Ginger Ale (0.2 L)', '', ''),
(173, 1, 1, '', '', 'schweppes-bitter-lemon-04-l', '', '', '', 'Schweppes Bitter Lemon (0.4 L)', '', ''),
(174, 1, 1, '', '', 'fassbrause-04-l', '', '', '', 'Fassbrause (0.4 L)', '', ''),
(175, 1, 1, '', '', 'fassbrause-02-l', '', '', '', 'Fassbrause (0.2 L)', '', ''),
(176, 1, 1, '', '', 'malztrunk-033-l', '', '', '', 'Malztrunk -Fl. (0.33 L)', '', ''),
(177, 1, 1, '', '', 'mineralwasser-fl-075-l', '', '', '', 'Mineralwasser -fl, (0.75 L)', '', ''),
(178, 1, 1, '', '', 'mineralwasser-025-l', '', '', '', 'Mineralwasser -Fl, (0.25 L)', '', ''),
(179, 1, 1, '', '', 'martini-bianco-5cl', '', '', '', 'Martini Bianco (5cl)', '', ''),
(180, 1, 1, '', '', 'mango-sekt-02-l', '', '', '', 'Mango-Sekt (0.2 L)', '', ''),
(181, 1, 1, '', '', 'sherry-4cl', '', '', '', 'Sherry (4cl)', '', ''),
(182, 1, 1, '', '', 'martini-rosso-5cl', '', '', '', 'Martini Rosso (5cl)', '', ''),
(183, 1, 1, '', '', 'compariorange-4cl', '', '', '', 'Compari/Orange (4cl)', '', ''),
(184, 1, 1, '', '', 'compari-mangolychee-4cl', '', '', '', 'Compari-Mango/Lychee (4cl)', '', ''),
(187, 1, 1, '', '', 'dieselradler-oder-alsterwasser-050-l', '', '', '', 'Diesel,Radler oder Alsterwasser (0.50 L)', '', ''),
(188, 1, 1, '', '', 'dieselradler-oder-alsterwasser-030-l', '', '', '', 'Diesel,Radler oder Alsterwasser (0.30 L)', '', ''),
(189, 1, 1, '', '', 'berliner-kindl-030-l', '', '', '', 'Berliner Kindl (0.30 L)', '', ''),
(190, 1, 1, '', '', 'indisches-bier-040-l-', '', '', '', 'Indisches Bier (0.40 L)', '', ''),
(191, 1, 1, '', '', 'indisches-bier-050-l', '', '', '', 'Indisches Bier (0.50 L)', '', ''),
(192, 1, 1, '', '', 'landmann-schwarzbier-030-l', '', '', '', 'Landmann Schwarzbier (0.30 L)', '', ''),
(193, 1, 1, '', '', 'berliner-kindl-050-l', '', '', '', 'Berliner Kindl (0.50 L)', '', ''),
(194, 1, 1, '', '', 'landmann-schwarzbier-040-l', '', '', '', 'Landmann Schwarzbier (0.40 L)', '', ''),
(195, 1, 1, '', '', 'schofferhofer-hefe-dunkel-050-l', '', '', '', 'Schofferhofer Hefe Dunkel (0.50 L)', '', ''),
(196, 1, 1, '', '', 'schofferhofer-hefe-050-l', '', '', '', 'Schofferhofer Hefe (0.50 L)', '', ''),
(198, 1, 1, '', '', 'schofferhofer-kristal-050-l', '', '', '', 'Schofferhofer Kristal (0.50 L)', '', ''),
(199, 1, 1, '', '', 'berliner-weisse-033-l', '', '', '', 'Berliner Weisse (0.33 L)', '', ''),
(200, 1, 1, '', '', 'clausthaler-alkoholfreies-bier-033-l', '', '', '', 'Clausthaler alkoholfreies Bier (0.33 L)', '', ''),
(201, 1, 1, '', '', 'schofferhofer-hefe-alkohlfrei-050-l', '', '', '', 'Schofferhofer Hefe alkohlfrei (0.50 L)', '', ''),
(202, 1, 1, '', '', 'lambrusco-075-l', '', '', '', 'Lambrusco (0.75 L)', '', ''),
(203, 1, 1, '', '', 'chianti-classico-075l', '', '', '', 'Chianti Classico (0.75L)', '', ''),
(204, 1, 1, '', '', 'indischer-rotwein-075-l', '', '', '', 'Indischer Rotwein (0.75 L)', '', ''),
(205, 1, 1, '', '', 'rosato-075-l', '', '', '', 'Rosato (0.75 L)', '', ''),
(206, 1, 1, '', '', 'hausmarke-rotwein-075-l', '', '', '', 'Hausmarke Rotwein (0.75 L)', '', ''),
(207, 1, 1, '', '', 'argentinischer-rotwein-075-l', '', '', '', 'Argentinischer Rotwein (0.75 L)', '', ''),
(208, 1, 1, '', '', 'soave-075-l', '', '', '', 'Soave (0.75 L)', '', ''),
(209, 1, 1, '', '', 'chardonnay-075-l', '', '', '', 'Chardonnay (0.75 L)', '', ''),
(210, 1, 1, '', '', 'indischer-weibwein-075-l', '', '', '', 'Indischer Weibwein (0.75 L)', '', ''),
(211, 1, 1, '', '', 'rosato-05-l', '', '', '', 'Rosato (0.5 L)', '', ''),
(212, 1, 1, '', '', 'rosato-025-l', '', '', '', 'Rosato (0.25 L)', '', ''),
(213, 1, 1, '', '', 'chianti-classico-075-l', '', '', '', 'Chianti Classico (0.75 L)', '', ''),
(214, 1, 1, '', '', 'indischer-rotwein-075-l', '', '', '', 'Indischer Rotwein (0.75 L)', '', ''),
(218, 1, 1, '', '', 'hausmarke-rotwein-075-l', '', '', '', 'Hausmarke Rotwein (0.75 L)', '', ''),
(219, 1, 1, '', '', 'argentinischer-rotwein-075-l', '', '', '', 'Argentinischer Rotwein (0.75 L)', '', ''),
(220, 1, 1, '', '', 'lambrusco', '', '', '', 'Lambrusco (0.75 L)', '', ''),
(222, 1, 1, '', '', 'indischer-rotweine-05-l', '', '', '', 'Indischer Rotweine (0.5 L)', '', ''),
(223, 1, 1, '', '', 'indischer-rotwein-025-l', '', '', '', 'Indischer Rotwein (0.25 L)', '', ''),
(224, 1, 1, '', '', 'argentinischer-rotwein-05-l', '', '', '', 'Argentinischer Rotwein (0.5 L)', '', ''),
(225, 1, 1, '', '', 'argentinischer-rotwein-025-l', '', '', '', 'Argentinischer Rotwein (0.25 L)', '', ''),
(226, 1, 1, '', '', 'chianti-05-l', '', '', '', 'Chianti (0.5 L)', '', ''),
(227, 1, 1, '', '', 'chianti-025-l', '', '', '', 'Chianti (0.25 L)', '', ''),
(228, 1, 1, '', '', 'lambrausco-05-l-', '', '', '', 'Lambrausco (0.5 L)', '', ''),
(229, 1, 1, '', '', 'lambrusco-025-l', '', '', '', 'Lambrusco (0.25 L)', '', ''),
(230, 1, 1, '', '', 'hausmarke-rotwein-05-l', '', '', '', 'Hausmarke Rotwein (0.5 L)', '', ''),
(231, 1, 1, '', '', 'hausmarke-rotwein-025-l', '', '', '', 'Hausmarke Rotwein (0.25 L)', '', ''),
(232, 1, 1, '', '', 'soave-075-l', '', '', '', 'Soave (0.75 L)', '', ''),
(233, 1, 1, '', '', 'chardonnay-075-l', '', '', '', 'Chardonnay (0.75 L)', '', ''),
(236, 1, 1, '', '', 'indischer-weissweine-075-l', '', '', '', 'Indischer Weißweine  (0.75 L)', '', ''),
(238, 1, 1, '', '', 'soave-05-l', '', '', '', 'Soave (0.5 L)', '', ''),
(239, 1, 1, '', '', 'soave-025-l', '', '', '', 'Soave (0.25 L)', '', ''),
(240, 1, 1, '', '', 'chardonnay-025-l', '', '', '', 'Chardonnay (0.25 L)', '', ''),
(241, 1, 1, '', '', 'chardonnay-05-l', '', '', '', 'Chardonnay (0.5 L)', '', ''),
(242, 1, 1, '', '', 'indischer-weissweine', '', '', '', 'Indischer Weißweine (0.5 L)', '', ''),
(243, 1, 1, '', '', 'indischer-', '', '', '', 'Indischer Weißweine (0.25 L)', '', ''),
(244, 1, 1, '', '', 'mango-likoer-4cl', '', '', '', 'Mango- Likör - 4cl', '', ''),
(245, 1, 1, '', '', 'mango-', '', '', '', 'Mango- Likör- 2cl', '', ''),
(246, 1, 1, '', '', 'lychee-likoer-4cl', '', '', '', 'Lychee- Likör - 4cl', '', ''),
(247, 1, 1, '', '', 'lychee-likoer-2cl', '', '', '', 'Lychee- Likör - 2cl', '', ''),
(248, 1, 1, '', '', 'paan-likoer-4-cl', '', '', '', 'Paan-Likör – 4 cl', '', ''),
(249, 1, 1, '', '', 'paan-likoer-2-cl', '', '', '', 'Paan-Likör – 2 cl', '', ''),
(250, 1, 1, '', '', 'sambuca-4cl', '', '', '', 'Sambuca - 4cl', '', ''),
(251, 1, 1, '', '', 'sambuca-2cl', '', '', '', 'Sambuca - 2cl', '', ''),
(252, 1, 1, '', '', 'baileys-2cl', '', '', '', 'Baileys - 2cl', '', ''),
(254, 1, 1, '', '', 'baileys-4cl', '', '', '', 'Baileys - 4cl', '', ''),
(255, 1, 1, '', '', 'amaretto-4cl', '', '', '', 'Amaretto - 4cl', '', ''),
(256, 1, 1, '', '', 'amaretto-2cl', '', '', '', 'Amaretto - 2cl', '', ''),
(257, 1, 1, '', '', 'gin-tonic-4cl', '', '', '', 'Gin Tonic - 4cl', '', ''),
(258, 1, 1, '', '', 'gin-tonic-2cl', '', '', '', 'Gin Tonic - 2cl', '', ''),
(259, 1, 1, '', '', 'gin-mango-4cl', '', '', '', 'Gin Mango - 4cl', '', ''),
(260, 1, 1, '', '', 'gin-mango-2cl', '', '', '', 'Gin Mango - 2cl', '', ''),
(261, 1, 1, '', '', 'bacardi-cola-4cl', '', '', '', 'Bacardi Cola - 4cl', '', ''),
(262, 1, 1, '', '', 'bacardi-cola-2cl', '', '', '', 'Bacardi Cola - 2cl', '', ''),
(263, 1, 1, '', '', 'whisky-cola-4cl', '', '', '', 'Whisky / Cola - 4cl', '', ''),
(264, 1, 1, '', '', 'whisky-cola-2cl', '', '', '', 'Whisky / Cola - 2cl', '', ''),
(265, 1, 1, '', '', 'futschi-2-cl', '', '', '', 'Futschi – 4 cl', '', ''),
(266, 1, 1, '', '', 'futschi-2-cl', '', '', '', 'Futschi – 2 cl', '', ''),
(267, 1, 1, '', '', 'wodka-mit-orangensaft-oder-bitter-lemon-4cl', '', '', '', 'Wodka mit Orangensaft oder Bitter Lemon - 4cl', '', ''),
(268, 1, 1, '', '', 'wodka-mit-orangensaft-oder-bitter-lemon', '', '', '', 'Wodka mit Orangensaft oder Bitter Lemon - 2cl', '', ''),
(270, 1, 1, '', '', 'wodka-mit-mango-i-guaven-oder-lychee-2cl', '', '', '', 'Wodka mit Mango I Guaven oder Lychee - 2cl', '', ''),
(271, 1, 1, '', '', 'wodka-mit-mango-i-guaven-oder-lychee-4cl', '', '', '', 'Wodka mit Mango I Guaven oder Lychee - 4cl', '', ''),
(272, 1, 1, '', '', 'jaegermeister-4cl', '', '', '', 'Jägermeister - 4cl', '', ''),
(273, 1, 1, '', '', 'jaegermeister-2cl', '', '', '', 'Jägermeister - 2cl', '', ''),
(274, 1, 1, '', '', 'fernet-branca-4cl', '', '', '', 'Fernet Branca - 4cl', '', ''),
(275, 1, 1, '', '', 'fernet-branca-2cl', '', '', '', 'Fernet Branca  - 2cl', '', ''),
(276, 1, 1, '', '', 'ramazzotti-4cl', '', '', '', 'Ramazzotti - 4cl', '', ''),
(277, 1, 1, '', '', 'ramazzotti-2cl', '', '', '', 'Ramazzotti - 2cl', '', ''),
(278, 1, 1, '', '', 'kuemmerling-4cl', '', '', '', 'Kümmerling - 4cl', '', ''),
(279, 1, 1, '', '', 'kuemmerling-2cl', '', '', '', 'Kümmerling - 2cl', '', ''),
(280, 1, 1, '', '', 'mango-lassi-02-l', '', '', '', 'Mango- Lassi -0,2 l', '', ''),
(281, 1, 1, '', '', 'mango-lassi-04-l', '', '', '', 'Mango- Lassi -0,4 l', '', ''),
(282, 1, 1, '', '', 'lassi-suess-02-l', '', '', '', 'Lassi süß – 0,2 l', '', ''),
(283, 1, 1, '', '', 'lassi-suess-04-l', '', '', '', 'Lassi süß – 0,4 l', '', ''),
(284, 1, 1, '', '', 'lassi-salzig-02-l', '', '', '', 'Lassi salzig – 0,2 l', '', ''),
(285, 1, 1, '', '', 'lassi-salzig-04-l', '', '', '', 'Lassi salzig -0,4 l', '', ''),
(286, 1, 1, '', '', 'mangoshake-4-cl', '', '', '', 'Mangoshake - 0.4 l', '', ''),
(287, 1, 1, '', '', 'mangoshake-2-cl', '', '', '', 'Mangoshake - 0.2 l', '', ''),
(288, 1, 1, '', '', 'lycheeshake-04-l', '', '', '', 'Lycheeshake - 0.4 l', '', ''),
(289, 1, 1, '', '', 'lycheeshake', '', '', '', 'Lycheeshake - 0.2 l', '', ''),
(290, 1, 1, '', '', 'bacardi-4cl', '', '', '', 'Bacardi - 4cl', '', ''),
(291, 1, 1, '', '', 'bacardi-2cl', '', '', '', 'Bacardi - 2cl', '', ''),
(292, 1, 1, '', '', '-pott-rum-4cl', '', '', '', 'Pott Rum - 4cl', '', ''),
(293, 1, 1, '', '', '-pott-rum', '', '', '', 'Pott Rum - 2cl', '', ''),
(294, 1, 1, '', '', 'old-monk-4-cl', '', '', '', 'Old Monk – 4 cl', '', ''),
(295, 1, 1, '', '', 'old-monk-2-cl', '', '', '', 'Old Monk – 2 cl', '', ''),
(296, 1, 1, '', '', 'apfelsaft-04-l', '', '', '', 'Apfelsaft -  0.4 l', '', ''),
(297, 1, 1, '', '', 'apfelsaft-02-l', '', '', '', 'Apfelsaft - 0.2 l', '', ''),
(298, 1, 1, '', '', 'kirschnektar-04-l', '', '', '', 'Kirschnektar  - 0.4 l', '', ''),
(299, 1, 1, '', '', 'kirschnektar-02-l', '', '', '', 'Kirschnektar - 0.2 l', '', ''),
(300, 1, 1, '', '', 'orangensaft-04-l', '', '', '', 'Orangensaft - 0.4 l', '', ''),
(301, 1, 1, '', '', 'orangensaft-02-l-', '', '', '', 'Orangensaft - 0.2 l', '', ''),
(302, 1, 1, '', '', 'tomatensaft-04-l', '', '', '', 'Tomatensaft - 0.4 l', '', ''),
(303, 1, 1, '', '', 'tomatensaft-02-l-', '', '', '', 'Tomatensaft - 0.2 l', '', ''),
(304, 1, 1, '', '', 'bananennektar-04-l', '', '', '', 'Bananennektar - 0.4 l', '', ''),
(305, 1, 1, '', '', 'bananennektar-02-l', '', '', '', 'Bananennektar - 0.2 l', '', ''),
(306, 1, 1, '', '', 'mangofruchtsaftgetraenk-04-l', '', '', '', 'Mangofruchtsaftgetränk - 0.4 l', '', ''),
(307, 1, 1, '', '', 'mangofruchtsaftgetraenk', '', '', '', 'Mangofruchtsaftgetränk - 0.2 l', '', ''),
(308, 1, 1, '', '', 'lychee-oder-guavefruchtsaftgetraenk-04-l', '', '', '', 'Lychee- oder Guavefruchtsaftgetränk - 0.4 l', '', ''),
(309, 1, 1, '', '', 'lychee-oder-guavefruchtsaftgetraenk', '', '', '', 'Lychee- oder Guavefruchtsaftgetränk - 0.2 l', '', ''),
(310, 1, 1, '', '', 'kiba-02-l', '', '', '', 'KiBa – 0,2 l', '', ''),
(311, 1, 1, '', '', 'kiba-02-l', '', '', '', 'KiBa – 0,2 l', '', ''),
(312, 1, 1, '', '', 'soave-05-l', '', '', '', 'Soave - 0.5 l', '', ''),
(313, 1, 1, '', '', 'soave-025-l', '', '', '', 'Soave - 0.25 l', '', ''),
(314, 1, 1, '', '', 'chardonnay-05-l', '', '', '', 'Chardonnay - 0.5 l', '', ''),
(315, 1, 1, '', '', 'chardonnay-025-l', '', '', '', 'Chardonnay - 0.25 l', '', ''),
(316, 1, 1, '', '', 'indischer-weisswein-025-l', '', '', '', 'Indischer Weißwein - 0.25 l', '', ''),
(317, 1, 1, '', '', 'indischer-weisswein-05-l', '', '', '', 'Indischer Weißwein - 0.5 l', '', ''),
(318, 1, 1, '', '', 'indischer-rotwein-05-l', '', '', '', 'Indischer Rotwein - 0.5 l', '', ''),
(319, 1, 1, '', '', 'indischer-rotwein', '', '', '', 'Indischer Rotwein - 0.25 l', '', ''),
(320, 1, 1, '', '', 'argentinischer-rotwein-05-l', '', '', '', 'Argentinischer Rotwein - 0.5 l', '', ''),
(321, 1, 1, '', '', 'argentinischer-rotwein-025-l', '', '', '', 'Argentinischer Rotwein - 0.25 l', '', ''),
(322, 1, 1, '', '', 'chianti-05-l', '', '', '', 'Chianti - 0.5 l', '', ''),
(323, 1, 1, '', '', 'chianti-025-l', '', '', '', 'Chianti - 0.25 l', '', ''),
(324, 1, 1, '', '', 'lambrusco', '', '', '', 'Lambrusco -  0.5 l', '', ''),
(325, 1, 1, '', '', 'lambrusco-025-l', '', '', '', 'Lambrusco - 0.25 l', '', ''),
(326, 1, 1, '', '', 'hausmarke-rotwein-05-l', '', '', '', 'Hausmarke Rotwein - 0.5 l', '', ''),
(327, 1, 1, '', '', 'hausmarke-rotwein-025-l-', '', '', '', 'Hausmarke Rotwein - 0.25 l', '', ''),
(328, 1, 1, '', '', 'rosato-05-l', '', '', '', 'Rosato - 0.5 l', '', ''),
(329, 1, 1, '', '', 'rosato', '', '', '', 'Rosato - 0.25 l', '', ''),
(330, 1, 1, '', '', 'sekt-hausmarke-', '', '', '', 'Sekt Hausmarke  - Fl. 0.75 l', '', ''),
(331, 1, 1, '', '', 'glas-sekt-02-l', '', '', '', 'Glas Sekt – 0,2 l', '', ''),
(332, 1, 1, '', '', 'freixenet-fl-075-l', '', '', '', 'Freixenet – Fl. 0,75 l', '', ''),
(333, 1, 1, '', '', 'mangoschnaps-4cl', '', '', '', 'Mangoschnaps  - 4cl', '', ''),
(334, 1, 1, '', '', 'mangoschnaps', '', '', '', 'Mangoschnaps - 2cl', '', ''),
(335, 1, 1, '', '', 'tequila-4-cl', '', '', '', 'Tequila - 4 cl', '', ''),
(336, 1, 1, '', '', 'tequila-2cl', '', '', '', 'Tequila - 2cl', '', ''),
(337, 1, 1, '', '', '-asbach-uralt-4cl', '', '', '', 'Asbach Uralt- 4cl', '', ''),
(338, 1, 1, '', '', '-asbach-uralt-2cl', '', '', '', 'Asbach Uralt - 2cl', '', ''),
(339, 1, 1, '', '', 'grappa-casanova-4cl', '', '', '', 'Grappa Casanova - 4cl', '', ''),
(340, 1, 1, '', '', 'grappa-casanova-2cl', '', '', '', 'Grappa Casanova - 2cl', '', ''),
(343, 1, 1, '', '', 'malteserkreuz-4cl', '', '', '', 'Malteserkreuz - 4cl', '', ''),
(344, 1, 1, '', '', 'malteserkreuz-2cl', '', '', '', 'Malteserkreuz - 2cl', '', ''),
(345, 1, 1, '', '', 'wodka-2cl', '', '', '', 'Wodka - 2cl', '', ''),
(346, 1, 1, '', '', 'wodka-4cl', '', '', '', 'Wodka - 4cl', '', ''),
(347, 1, 1, '', '', 'tee', '', '', '', 'Tee', '', ''),
(348, 1, 1, '', '', 'indischer-jogi-tee-oder-ingwer-tee-', '', '', '', 'indischer Jogi Tee oder Ingwer Tee', '', ''),
(349, 1, 1, '', '', 'espresso', '', '', '', 'Espresso', '', ''),
(350, 1, 1, '', '', 'kaffee', '', '', '', 'Kaffee', '', ''),
(351, 1, 1, '', '', 'cappuccino', '', '', '', 'Cappuccino', '', ''),
(352, 1, 1, '', '', 'doppelter-espresso', '', '', '', 'doppelter Espresso', '', ''),
(353, 1, 1, '', '', 'latte-macchiato', '', '', '', 'Latte Macchiato', '', ''),
(354, 1, 1, '', '', 'milchkaffee-gross', '', '', '', 'Milchkaffee (groß)', '', ''),
(355, 1, 1, '', '', 'baileys-coffee', '', '', '', 'Baileys Coffee', '', ''),
(356, 1, 1, '', '', 'espresso-corretto', '', '', '', 'Espresso Corretto', '', ''),
(357, 1, 1, '', '', 'weinschorle-025-l', '', '', '', 'Weinschorle - 0.25 l', '', ''),
(358, 1, 1, '', '', 'indian-coffee', '', '', '', 'Indian Coffee', '', ''),
(359, 1, 1, '', '', 'weinschorle', '', '', '', 'Weinschorle - 0.5 l', '', ''),
(360, 1, 1, '', '', 'ballantines-4cl', '', '', '', 'Ballantine’s - 4cl', '', ''),
(362, 1, 1, '', '', 'ballantines', '', '', '', 'Ballantine’s - 2cl', '', ''),
(363, 1, 1, '', '', '-jim-beam-2cl', '', '', '', 'Jim Beam - 2cl', '', ''),
(364, 1, 1, '', '', '-jim-beam-4cl', '', '', '', 'Jim Beam - 4cl', '', ''),
(365, 1, 1, '', '', 'johnnie-walker-red-label-2cl', '', '', '', 'Johnnie Walker Red Label - 2cl', '', ''),
(366, 1, 1, '', '', 'johnnie-walker-red-label', '', '', '', 'Johnnie Walker Red Label -4cl', '', ''),
(367, 1, 1, '', '', 'johnnie-walker-black-label-2cl', '', '', '', 'Johnnie Walker Black Label - 2cl', '', ''),
(368, 1, 1, '', '', 'johnnie-walker-black-label-4cl', '', '', '', 'Johnnie Walker Black Label - 4cl', '', ''),
(369, 1, 1, '', '', 'tasa-sabzi-pikant', '', '', '', 'Tasa Sabzi (pikant)', '', ''),
(371, 1, 1, '', '', 'chicken-curry', '', '', '', 'Chicken Curry', '', ''),
(372, 1, 1, '', '', 'chicken-daal', '', '', '', 'Chicken Daal', '', ''),
(373, 1, 1, '', '', 'fish-curry', '', '', '', 'Fish Curry', '', ''),
(374, 1, 1, '', '', 'mutton-khumbi', '', '', '', 'Mutton Khumbi', '', ''),
(375, 1, 1, '', '', 'aloo-palak', '', '', '', 'Aloo Palak', '', ''),
(376, 1, 1, '', '', 'tasa-sabzi-pikant', '', '', '', 'Tasa Sabzi (pikant)', '', ''),
(377, 1, 1, '', '', 'chicken-spezial', '', '', '', 'Chicken Spezial', '', ''),
(378, 1, 1, '', '', 'chicken-curry', '', '', '', 'Chicken Curry', '', ''),
(379, 1, 1, '', '', 'fish-curry', '', '', '', 'Fish Curry', '', ''),
(380, 1, 1, '', '', 'mutton-matter', '', '', '', 'Mutton Matter', '', ''),
(381, 1, 1, '', '', 'allo-broccoli', '', '', '', 'Allo Broccoli', '', ''),
(382, 1, 1, '', '', '-aloo-daal', '', '', '', 'Aloo Daal', '', ''),
(384, 1, 1, '', '', 'chicken-madras-scharf', '', '', '', 'Chicken Madras (scharf)', '', ''),
(385, 1, 1, '', '', 'chicken-curry', '', '', '', 'Chicken Curry', '', ''),
(386, 1, 1, '', '', 'fish-matter', '', '', '', 'Fish Matter', '', ''),
(387, 1, 1, '', '', 'mutton-spezial', '', '', '', 'Mutton Spezial', '', ''),
(388, 1, 1, '', '', 'matter-paneer', '', '', '', 'Matter Paneer', '', ''),
(389, 1, 1, '', '', 'aloo-matter', '', '', '', 'Aloo Matter', '', ''),
(390, 1, 1, '', '', 'chicken-broccoli', '', '', '', 'Chicken Broccoli', '', ''),
(391, 1, 1, '', '', 'chicken-aloo', '', '', '', 'Chicken Aloo', '', ''),
(392, 1, 1, '', '', 'fish-madras-scharf', '', '', '', 'Fish Madras (scharf)', '', ''),
(393, 1, 1, '', '', 'mutton-curry', '', '', '', 'Mutton Curry', '', ''),
(394, 1, 1, '', '', 'aloo-saag', '', '', '', 'Aloo Saag', '', ''),
(395, 1, 1, '', '', 'allo-broccoli', '', '', '', 'Allo Broccoli', '', ''),
(396, 1, 1, '', '', 'chicken-curry', '', '', '', 'Chicken Curry', '', ''),
(397, 1, 1, '', '', 'chicken-broccoli', '', '', '', 'Chicken Broccoli', '', ''),
(398, 1, 1, '', '', 'fish-vindaloo-scharf', '', '', '', 'Fish Vindaloo (scharf)', '', ''),
(399, 1, 1, '', '', 'mutton-curry', '', '', '', 'Mutton Curry', '', '');

/*!40101 SET CHARACTER_SET_CLIENT=@OLD_CHARACTER_SET_CLIENT */;
/*!40101 SET CHARACTER_SET_RESULTS=@OLD_CHARACTER_SET_RESULTS */;
/*!40101 SET COLLATION_CONNECTION=@OLD_COLLATION_CONNECTION */;
